job_0005 [X1]: ['Intent token Jaccard similarity 0.89 > 0.85 threshold.']
job_0005 [X1]: ['Intent token Jaccard similarity 0.89 > 0.85 threshold.']
job_0005 [X1]: ['Intent token Jaccard similarity 0.89 > 0.85 threshold.']
job_0005 [X1]: ['Intent token Jaccard similarity 0.89 > 0.85 threshold.']
job_0014 [X1]: ['Intent token Jaccard similarity 0.89 > 0.85 threshold.']
job_0014 [X1]: ['Intent token Jaccard similarity 0.89 > 0.85 threshold.']
job_0014 [X1]: ['Intent token Jaccard similarity 0.89 > 0.85 threshold.']
job_0014 [X1]: ['Intent token Jaccard similarity 0.89 > 0.85 threshold.']
job_0017 [X1]: ['Intent token Jaccard similarity 0.89 > 0.85 threshold.']
job_0017 [X1]: ['Intent token Jaccard similarity 0.89 > 0.85 threshold.']
job_0017 [X1]: ['Intent token Jaccard similarity 0.89 > 0.85 threshold.']
job_0017 [X1]: ['Intent token Jaccard similarity 0.89 > 0.85 threshold.']
job_0028 [X1]: ['Intent token Jaccard similarity 0.89 > 0.85 threshold.']
job_0028 [X1]: ['Intent token Jaccard similarity 0.89 > 0.85 threshold.']
job_0028 [X1]: ['Intent token Jaccard similarity 0.89 > 0.85 threshold.']
job_0028 [X1]: ['Intent token Jaccard similarity 0.89 > 0.85 threshold.']
job_0052 [X2]: ['Intent token Jaccard similarity 0.89 > 0.85 threshold.']
job_0052 [X2]: ['Intent token Jaccard similarity 0.89 > 0.85 threshold.']
job_0052 [X2]: ['Intent token Jaccard similarity 0.89 > 0.85 threshold.']
job_0052 [X2]: ['Intent token Jaccard similarity 0.89 > 0.85 threshold.']
job_0058 [X3]: ['Intent token Jaccard similarity 0.88 > 0.85 threshold.']
job_0058 [X3]: ['Intent token Jaccard similarity 0.88 > 0.85 threshold.']
job_0058 [X3]: ['Intent token Jaccard similarity 0.88 > 0.85 threshold.']
job_0058 [X3]: ['Intent token Jaccard similarity 0.88 > 0.85 threshold.']
job_0059 [X3]: ['Intent token Jaccard similarity 0.88 > 0.85 threshold.']
job_0059 [X3]: ['Intent token Jaccard similarity 0.88 > 0.85 threshold.']
job_0059 [X3]: ['Intent token Jaccard similarity 0.88 > 0.85 threshold.']
job_0059 [X3]: ['Intent token Jaccard similarity 0.88 > 0.85 threshold.']
job_0060 [X3]: ['Intent token Jaccard similarity 0.88 > 0.85 threshold.']
job_0060 [X3]: ['Intent token Jaccard similarity 0.88 > 0.85 threshold.']
job_0060 [X3]: ['Intent token Jaccard similarity 0.88 > 0.85 threshold.']
job_0060 [X3]: ['Intent token Jaccard similarity 0.88 > 0.85 threshold.']
job_0061 [X3]: ['Intent token Jaccard similarity 0.88 > 0.85 threshold.']
job_0061 [X3]: ['Intent token Jaccard similarity 0.88 > 0.85 threshold.']
job_0061 [X3]: ['Intent token Jaccard similarity 0.88 > 0.85 threshold.']
job_0061 [X3]: ['Intent token Jaccard similarity 0.88 > 0.85 threshold.']
job_0062 [X3]: ['Intent token Jaccard similarity 0.88 > 0.85 threshold.']
job_0062 [X3]: ['Intent token Jaccard similarity 0.88 > 0.85 threshold.']
job_0062 [X3]: ['Intent token Jaccard similarity 0.88 > 0.85 threshold.']
job_0062 [X3]: ['Intent token Jaccard similarity 0.88 > 0.85 threshold.']
job_0063 [X3]: ['Intent token Jaccard similarity 0.88 > 0.85 threshold.']
job_0063 [X3]: ['Intent token Jaccard similarity 0.88 > 0.85 threshold.']
job_0063 [X3]: ['Intent token Jaccard similarity 0.88 > 0.85 threshold.']
job_0063 [X3]: ['Intent token Jaccard similarity 0.88 > 0.85 threshold.']
job_0064 [X3]: ['Intent token Jaccard similarity 0.88 > 0.85 threshold.']
job_0064 [X3]: ['Intent token Jaccard similarity 0.88 > 0.85 threshold.']
job_0064 [X3]: ['Intent token Jaccard similarity 0.88 > 0.85 threshold.']
job_0064 [X3]: ['Intent token Jaccard similarity 0.88 > 0.85 threshold.']
job_0065 [X3]: ['Intent token Jaccard similarity 0.88 > 0.85 threshold.']
job_0065 [X3]: ['Intent token Jaccard similarity 0.88 > 0.85 threshold.']
job_0065 [X3]: ['Intent token Jaccard similarity 0.88 > 0.85 threshold.']
job_0065 [X3]: ['Intent token Jaccard similarity 0.88 > 0.85 threshold.']
job_0066 [X3]: ['Intent token Jaccard similarity 0.88 > 0.85 threshold.']
job_0066 [X3]: ['Intent token Jaccard similarity 0.88 > 0.85 threshold.']
job_0066 [X3]: ['Intent token Jaccard similarity 0.88 > 0.85 threshold.']
job_0066 [X3]: ['Intent token Jaccard similarity 0.88 > 0.85 threshold.']
job_0067 [X3]: ['Intent token Jaccard similarity 0.88 > 0.85 threshold.']
job_0067 [X3]: ['Intent token Jaccard similarity 0.88 > 0.85 threshold.']
job_0067 [X3]: ['Intent token Jaccard similarity 0.88 > 0.85 threshold.']
job_0067 [X3]: ['Intent token Jaccard similarity 0.88 > 0.85 threshold.']
job_0068 [X3]: ['Intent token Jaccard similarity 0.88 > 0.85 threshold.']
job_0068 [X3]: ['Intent token Jaccard similarity 0.88 > 0.85 threshold.']
job_0068 [X3]: ['Intent token Jaccard similarity 0.88 > 0.85 threshold.']
job_0068 [X3]: ['Intent token Jaccard similarity 0.88 > 0.85 threshold.']
job_0069 [X3]: ['Intent token Jaccard similarity 0.88 > 0.85 threshold.']
job_0069 [X3]: ['Intent token Jaccard similarity 0.88 > 0.85 threshold.']
job_0069 [X3]: ['Intent token Jaccard similarity 0.88 > 0.85 threshold.']
job_0069 [X3]: ['Intent token Jaccard similarity 0.88 > 0.85 threshold.']
job_0070 [X3]: ['Intent token Jaccard similarity 0.88 > 0.85 threshold.']
job_0070 [X3]: ['Intent token Jaccard similarity 0.88 > 0.85 threshold.']
job_0070 [X3]: ['Intent token Jaccard similarity 0.88 > 0.85 threshold.']
job_0070 [X3]: ['Intent token Jaccard similarity 0.88 > 0.85 threshold.']
job_0071 [X3]: ['Intent token Jaccard similarity 0.88 > 0.85 threshold.']
job_0071 [X3]: ['Intent token Jaccard similarity 0.88 > 0.85 threshold.']
job_0071 [X3]: ['Intent token Jaccard similarity 0.88 > 0.85 threshold.']
job_0071 [X3]: ['Intent token Jaccard similarity 0.88 > 0.85 threshold.']
job_0072 [X3]: ['Intent token Jaccard similarity 0.88 > 0.85 threshold.']
job_0072 [X3]: ['Intent token Jaccard similarity 0.88 > 0.85 threshold.']
job_0072 [X3]: ['Intent token Jaccard similarity 0.88 > 0.85 threshold.']
job_0072 [X3]: ['Intent token Jaccard similarity 0.88 > 0.85 threshold.']
job_0073 [X3]: ['Intent token Jaccard similarity 0.88 > 0.85 threshold.']
job_0073 [X3]: ['Intent token Jaccard similarity 0.88 > 0.85 threshold.']
job_0073 [X3]: ['Intent token Jaccard similarity 0.88 > 0.85 threshold.']
job_0073 [X3]: ['Intent token Jaccard similarity 0.88 > 0.85 threshold.']
job_0074 [X3]: ['Intent token Jaccard similarity 0.88 > 0.85 threshold.']
job_0074 [X3]: ['Intent token Jaccard similarity 0.88 > 0.85 threshold.']
job_0074 [X3]: ['Intent token Jaccard similarity 0.88 > 0.85 threshold.']
job_0074 [X3]: ['Intent token Jaccard similarity 0.88 > 0.85 threshold.']
job_0075 [X3]: ['Intent token Jaccard similarity 0.88 > 0.85 threshold.']
job_0075 [X3]: ['Intent token Jaccard similarity 0.88 > 0.85 threshold.']
job_0075 [X3]: ['Intent token Jaccard similarity 0.88 > 0.85 threshold.']
job_0075 [X3]: ['Intent token Jaccard similarity 0.88 > 0.85 threshold.']
job_0076 [X3]: ['Intent token Jaccard similarity 0.88 > 0.85 threshold.']
job_0076 [X3]: ['Intent token Jaccard similarity 0.88 > 0.85 threshold.']
job_0076 [X3]: ['Intent token Jaccard similarity 0.88 > 0.85 threshold.']
job_0076 [X3]: ['Intent token Jaccard similarity 0.88 > 0.85 threshold.']
job_0077 [X3]: ['Intent token Jaccard similarity 0.88 > 0.85 threshold.']
job_0077 [X3]: ['Intent token Jaccard similarity 0.88 > 0.85 threshold.']
job_0077 [X3]: ['Intent token Jaccard similarity 0.88 > 0.85 threshold.']
job_0077 [X3]: ['Intent token Jaccard similarity 0.88 > 0.85 threshold.']
job_0078 [X3]: ['Intent token Jaccard similarity 0.88 > 0.85 threshold.']
job_0078 [X3]: ['Intent token Jaccard similarity 0.88 > 0.85 threshold.']
job_0078 [X3]: ['Intent token Jaccard similarity 0.88 > 0.85 threshold.']
job_0078 [X3]: ['Intent token Jaccard similarity 0.88 > 0.85 threshold.']
job_0079 [X3]: ['Intent token Jaccard similarity 0.88 > 0.85 threshold.']
job_0079 [X3]: ['Intent token Jaccard similarity 0.88 > 0.85 threshold.']
job_0079 [X3]: ['Intent token Jaccard similarity 0.88 > 0.85 threshold.']
job_0079 [X3]: ['Intent token Jaccard similarity 0.88 > 0.85 threshold.']
job_0080 [X3]: ['Intent token Jaccard similarity 0.88 > 0.85 threshold.']
job_0080 [X3]: ['Intent token Jaccard similarity 0.88 > 0.85 threshold.']
job_0080 [X3]: ['Intent token Jaccard similarity 0.88 > 0.85 threshold.']
job_0080 [X3]: ['Intent token Jaccard similarity 0.88 > 0.85 threshold.']
job_0083 [X4]: ['Intent token Jaccard similarity 0.86 > 0.85 threshold.']
job_0083 [X4]: ['Intent token Jaccard similarity 0.86 > 0.85 threshold.']
job_0083 [X4]: ['Intent token Jaccard similarity 0.86 > 0.85 threshold.']
job_0083 [X4]: ['Intent token Jaccard similarity 0.86 > 0.85 threshold.']
job_0084 [X4]: ['Intent token Jaccard similarity 0.86 > 0.85 threshold.']
job_0084 [X4]: ['Intent token Jaccard similarity 0.86 > 0.85 threshold.']
job_0084 [X4]: ['Intent token Jaccard similarity 0.86 > 0.85 threshold.']
job_0084 [X4]: ['Intent token Jaccard similarity 0.86 > 0.85 threshold.']
job_0085 [X4]: ['Intent token Jaccard similarity 0.86 > 0.85 threshold.']
job_0085 [X4]: ['Intent token Jaccard similarity 0.86 > 0.85 threshold.']
job_0085 [X4]: ['Intent token Jaccard similarity 0.86 > 0.85 threshold.']
job_0085 [X4]: ['Intent token Jaccard similarity 0.86 > 0.85 threshold.']
job_0086 [X4]: ['Intent token Jaccard similarity 0.86 > 0.85 threshold.']
job_0086 [X4]: ['Intent token Jaccard similarity 0.86 > 0.85 threshold.']
job_0086 [X4]: ['Intent token Jaccard similarity 0.86 > 0.85 threshold.']
job_0086 [X4]: ['Intent token Jaccard similarity 0.86 > 0.85 threshold.']
job_0087 [X4]: ['Intent token Jaccard similarity 0.86 > 0.85 threshold.']
job_0087 [X4]: ['Intent token Jaccard similarity 0.86 > 0.85 threshold.']
job_0087 [X4]: ['Intent token Jaccard similarity 0.86 > 0.85 threshold.']
job_0087 [X4]: ['Intent token Jaccard similarity 0.86 > 0.85 threshold.']
job_0088 [X4]: ['Intent token Jaccard similarity 0.86 > 0.85 threshold.']
job_0088 [X4]: ['Intent token Jaccard similarity 0.86 > 0.85 threshold.']
job_0088 [X4]: ['Intent token Jaccard similarity 0.86 > 0.85 threshold.']
job_0088 [X4]: ['Intent token Jaccard similarity 0.86 > 0.85 threshold.']
job_0089 [X4]: ['Intent token Jaccard similarity 0.86 > 0.85 threshold.']
job_0089 [X4]: ['Intent token Jaccard similarity 0.86 > 0.85 threshold.']
job_0089 [X4]: ['Intent token Jaccard similarity 0.86 > 0.85 threshold.']
job_0089 [X4]: ['Intent token Jaccard similarity 0.86 > 0.85 threshold.']
job_0090 [X4]: ['Intent token Jaccard similarity 0.86 > 0.85 threshold.']
job_0090 [X4]: ['Intent token Jaccard similarity 0.86 > 0.85 threshold.']
job_0090 [X4]: ['Intent token Jaccard similarity 0.86 > 0.85 threshold.']
job_0090 [X4]: ['Intent token Jaccard similarity 0.86 > 0.85 threshold.']
job_0091 [X4]: ['Intent token Jaccard similarity 0.86 > 0.85 threshold.']
job_0091 [X4]: ['Intent token Jaccard similarity 0.86 > 0.85 threshold.']
job_0091 [X4]: ['Intent token Jaccard similarity 0.86 > 0.85 threshold.']
job_0091 [X4]: ['Intent token Jaccard similarity 0.86 > 0.85 threshold.']
job_0092 [X4]: ['Intent token Jaccard similarity 0.86 > 0.85 threshold.']
job_0092 [X4]: ['Intent token Jaccard similarity 0.86 > 0.85 threshold.']
job_0092 [X4]: ['Intent token Jaccard similarity 0.86 > 0.85 threshold.']
job_0092 [X4]: ['Intent token Jaccard similarity 0.86 > 0.85 threshold.']
job_0093 [X4]: ['Intent token Jaccard similarity 0.86 > 0.85 threshold.']
job_0093 [X4]: ['Intent token Jaccard similarity 0.86 > 0.85 threshold.']
job_0093 [X4]: ['Intent token Jaccard similarity 0.86 > 0.85 threshold.']
job_0093 [X4]: ['Intent token Jaccard similarity 0.86 > 0.85 threshold.']
job_0094 [X4]: ['Intent token Jaccard similarity 0.86 > 0.85 threshold.']
job_0094 [X4]: ['Intent token Jaccard similarity 0.86 > 0.85 threshold.']
job_0094 [X4]: ['Intent token Jaccard similarity 0.86 > 0.85 threshold.']
job_0094 [X4]: ['Intent token Jaccard similarity 0.86 > 0.85 threshold.']
job_0095 [X4]: ['Intent token Jaccard similarity 0.86 > 0.85 threshold.']
job_0095 [X4]: ['Intent token Jaccard similarity 0.86 > 0.85 threshold.']
job_0095 [X4]: ['Intent token Jaccard similarity 0.86 > 0.85 threshold.']
job_0095 [X4]: ['Intent token Jaccard similarity 0.86 > 0.85 threshold.']
job_0096 [X4]: ['Intent token Jaccard similarity 0.86 > 0.85 threshold.']
job_0096 [X4]: ['Intent token Jaccard similarity 0.86 > 0.85 threshold.']
job_0096 [X4]: ['Intent token Jaccard similarity 0.86 > 0.85 threshold.']
job_0096 [X4]: ['Intent token Jaccard similarity 0.86 > 0.85 threshold.']
job_0097 [X4]: ['Intent token Jaccard similarity 0.86 > 0.85 threshold.']
job_0097 [X4]: ['Intent token Jaccard similarity 0.86 > 0.85 threshold.']
job_0097 [X4]: ['Intent token Jaccard similarity 0.86 > 0.85 threshold.']
job_0097 [X4]: ['Intent token Jaccard similarity 0.86 > 0.85 threshold.']
job_0098 [X4]: ['Intent token Jaccard similarity 0.86 > 0.85 threshold.']
job_0098 [X4]: ['Intent token Jaccard similarity 0.86 > 0.85 threshold.']
job_0098 [X4]: ['Intent token Jaccard similarity 0.86 > 0.85 threshold.']
job_0098 [X4]: ['Intent token Jaccard similarity 0.86 > 0.85 threshold.']
job_0099 [X4]: ['Intent token Jaccard similarity 0.86 > 0.85 threshold.']
job_0099 [X4]: ['Intent token Jaccard similarity 0.86 > 0.85 threshold.']
job_0099 [X4]: ['Intent token Jaccard similarity 0.86 > 0.85 threshold.']
job_0099 [X4]: ['Intent token Jaccard similarity 0.86 > 0.85 threshold.']
job_0100 [X4]: ['Intent token Jaccard similarity 0.86 > 0.85 threshold.']
job_0100 [X4]: ['Intent token Jaccard similarity 0.86 > 0.85 threshold.']
job_0100 [X4]: ['Intent token Jaccard similarity 0.86 > 0.85 threshold.']
job_0100 [X4]: ['Intent token Jaccard similarity 0.86 > 0.85 threshold.']
job_0102 [X5]: ['Intent token Jaccard similarity 0.88 > 0.85 threshold.']
job_0102 [X5]: ['Intent token Jaccard similarity 0.88 > 0.85 threshold.']
job_0102 [X5]: ['Intent token Jaccard similarity 0.88 > 0.85 threshold.']
job_0102 [X5]: ['Intent token Jaccard similarity 0.88 > 0.85 threshold.']
job_0103 [X5]: ['Intent token Jaccard similarity 0.88 > 0.85 threshold.']
job_0103 [X5]: ['Intent token Jaccard similarity 0.88 > 0.85 threshold.']
job_0103 [X5]: ['Intent token Jaccard similarity 0.88 > 0.85 threshold.']
job_0103 [X5]: ['Intent token Jaccard similarity 0.88 > 0.85 threshold.']
job_0104 [X5]: ['Intent token Jaccard similarity 0.88 > 0.85 threshold.']
job_0104 [X5]: ['Intent token Jaccard similarity 0.88 > 0.85 threshold.']
job_0104 [X5]: ['Intent token Jaccard similarity 0.88 > 0.85 threshold.']
job_0104 [X5]: ['Intent token Jaccard similarity 0.88 > 0.85 threshold.']
job_0105 [X5]: ['Intent token Jaccard similarity 0.88 > 0.85 threshold.']
job_0105 [X5]: ['Intent token Jaccard similarity 0.88 > 0.85 threshold.']
job_0105 [X5]: ['Intent token Jaccard similarity 0.88 > 0.85 threshold.']
job_0105 [X5]: ['Intent token Jaccard similarity 0.88 > 0.85 threshold.']
job_0106 [X5]: ['Intent token Jaccard similarity 0.88 > 0.85 threshold.']
job_0106 [X5]: ['Intent token Jaccard similarity 0.88 > 0.85 threshold.']
job_0106 [X5]: ['Intent token Jaccard similarity 0.88 > 0.85 threshold.']
job_0106 [X5]: ['Intent token Jaccard similarity 0.88 > 0.85 threshold.']
job_0107 [X5]: ['Intent token Jaccard similarity 0.88 > 0.85 threshold.']
job_0107 [X5]: ['Intent token Jaccard similarity 0.88 > 0.85 threshold.']
job_0107 [X5]: ['Intent token Jaccard similarity 0.88 > 0.85 threshold.']
job_0107 [X5]: ['Intent token Jaccard similarity 0.88 > 0.85 threshold.']
job_0108 [X5]: ['Intent token Jaccard similarity 0.88 > 0.85 threshold.']
job_0108 [X5]: ['Intent token Jaccard similarity 0.88 > 0.85 threshold.']
job_0108 [X5]: ['Intent token Jaccard similarity 0.88 > 0.85 threshold.']
job_0108 [X5]: ['Intent token Jaccard similarity 0.88 > 0.85 threshold.']
job_0109 [X5]: ['Intent token Jaccard similarity 0.88 > 0.85 threshold.']
job_0109 [X5]: ['Intent token Jaccard similarity 0.88 > 0.85 threshold.']
job_0109 [X5]: ['Intent token Jaccard similarity 0.88 > 0.85 threshold.']
job_0109 [X5]: ['Intent token Jaccard similarity 0.88 > 0.85 threshold.']
job_0110 [X5]: ['Intent token Jaccard similarity 0.88 > 0.85 threshold.']
job_0110 [X5]: ['Intent token Jaccard similarity 0.88 > 0.85 threshold.']
job_0110 [X5]: ['Intent token Jaccard similarity 0.88 > 0.85 threshold.']
job_0110 [X5]: ['Intent token Jaccard similarity 0.88 > 0.85 threshold.']
job_0111 [X5]: ['Intent token Jaccard similarity 0.88 > 0.85 threshold.']
job_0111 [X5]: ['Intent token Jaccard similarity 0.88 > 0.85 threshold.']
job_0111 [X5]: ['Intent token Jaccard similarity 0.88 > 0.85 threshold.']
job_0111 [X5]: ['Intent token Jaccard similarity 0.88 > 0.85 threshold.']
job_0112 [X5]: ['Intent token Jaccard similarity 0.88 > 0.85 threshold.']
job_0112 [X5]: ['Intent token Jaccard similarity 0.88 > 0.85 threshold.']
job_0112 [X5]: ['Intent token Jaccard similarity 0.88 > 0.85 threshold.']
job_0112 [X5]: ['Intent token Jaccard similarity 0.88 > 0.85 threshold.']
job_0113 [X5]: ['Intent token Jaccard similarity 0.88 > 0.85 threshold.']
job_0113 [X5]: ['Intent token Jaccard similarity 0.88 > 0.85 threshold.']
job_0113 [X5]: ['Intent token Jaccard similarity 0.88 > 0.85 threshold.']
job_0113 [X5]: ['Intent token Jaccard similarity 0.88 > 0.85 threshold.']
job_0114 [X5]: ['Intent token Jaccard similarity 0.88 > 0.85 threshold.']
job_0114 [X5]: ['Intent token Jaccard similarity 0.88 > 0.85 threshold.']
job_0114 [X5]: ['Intent token Jaccard similarity 0.88 > 0.85 threshold.']
job_0114 [X5]: ['Intent token Jaccard similarity 0.88 > 0.85 threshold.']
job_0115 [X5]: ['Intent token Jaccard similarity 0.88 > 0.85 threshold.']
job_0115 [X5]: ['Intent token Jaccard similarity 0.88 > 0.85 threshold.']
job_0115 [X5]: ['Intent token Jaccard similarity 0.88 > 0.85 threshold.']
job_0115 [X5]: ['Intent token Jaccard similarity 0.88 > 0.85 threshold.']
job_0116 [X5]: ['Intent token Jaccard similarity 0.88 > 0.85 threshold.']
job_0116 [X5]: ['Intent token Jaccard similarity 0.88 > 0.85 threshold.']
job_0116 [X5]: ['Intent token Jaccard similarity 0.88 > 0.85 threshold.']
job_0116 [X5]: ['Intent token Jaccard similarity 0.88 > 0.85 threshold.']
job_0117 [X5]: ['Intent token Jaccard similarity 0.88 > 0.85 threshold.']
job_0117 [X5]: ['Intent token Jaccard similarity 0.88 > 0.85 threshold.']
job_0117 [X5]: ['Intent token Jaccard similarity 0.88 > 0.85 threshold.']
job_0117 [X5]: ['Intent token Jaccard similarity 0.88 > 0.85 threshold.']
job_0118 [X5]: ['Duplicate normalized intent detected.']
job_0118 [X5]: ['Duplicate normalized intent detected.']
job_0118 [X5]: ['Duplicate normalized intent detected.']
job_0118 [X5]: ['Duplicate normalized intent detected.']
job_0119 [X5]: ['Intent token Jaccard similarity 0.88 > 0.85 threshold.']
job_0119 [X5]: ['Intent token Jaccard similarity 0.88 > 0.85 threshold.']
job_0119 [X5]: ['Intent token Jaccard similarity 0.88 > 0.85 threshold.']
job_0119 [X5]: ['Intent token Jaccard similarity 0.88 > 0.85 threshold.']
job_0120 [X5]: ['Intent token Jaccard similarity 0.88 > 0.85 threshold.']
job_0120 [X5]: ['Intent token Jaccard similarity 0.88 > 0.85 threshold.']
job_0120 [X5]: ['Intent token Jaccard similarity 0.88 > 0.85 threshold.']
job_0120 [X5]: ['Intent token Jaccard similarity 0.88 > 0.85 threshold.']
job_0121 [X5]: ['Intent token Jaccard similarity 0.88 > 0.85 threshold.']
job_0121 [X5]: ['Intent token Jaccard similarity 0.88 > 0.85 threshold.']
job_0121 [X5]: ['Intent token Jaccard similarity 0.88 > 0.85 threshold.']
job_0121 [X5]: ['Intent token Jaccard similarity 0.88 > 0.85 threshold.']
job_0122 [X5]: ['Intent token Jaccard similarity 0.88 > 0.85 threshold.']
job_0122 [X5]: ['Intent token Jaccard similarity 0.88 > 0.85 threshold.']
job_0122 [X5]: ['Intent token Jaccard similarity 0.88 > 0.85 threshold.']
job_0122 [X5]: ['Intent token Jaccard similarity 0.88 > 0.85 threshold.']
job_0123 [X5]: ['Duplicate normalized intent detected.']
job_0123 [X5]: ['Duplicate normalized intent detected.']
job_0123 [X5]: ['Duplicate normalized intent detected.']
job_0123 [X5]: ['Duplicate normalized intent detected.']
job_0124 [X5]: ['Intent token Jaccard similarity 0.88 > 0.85 threshold.']
job_0124 [X5]: ['Intent token Jaccard similarity 0.88 > 0.85 threshold.']
job_0124 [X5]: ['Intent token Jaccard similarity 0.88 > 0.85 threshold.']
job_0124 [X5]: ['Intent token Jaccard similarity 0.88 > 0.85 threshold.']
job_0125 [X5]: ['Intent token Jaccard similarity 0.88 > 0.85 threshold.']
job_0125 [X5]: ['Intent token Jaccard similarity 0.88 > 0.85 threshold.']
job_0125 [X5]: ['Intent token Jaccard similarity 0.88 > 0.85 threshold.']
job_0125 [X5]: ['Intent token Jaccard similarity 0.88 > 0.85 threshold.']
job_0128 [X6]: ['Intent token Jaccard similarity 0.88 > 0.85 threshold.']
job_0128 [X6]: ['Intent token Jaccard similarity 0.88 > 0.85 threshold.']
job_0128 [X6]: ['Intent token Jaccard similarity 0.88 > 0.85 threshold.']
job_0128 [X6]: ['Intent token Jaccard similarity 0.88 > 0.85 threshold.']
job_0129 [X6]: ['Intent token Jaccard similarity 0.88 > 0.85 threshold.']
job_0129 [X6]: ['Intent token Jaccard similarity 0.88 > 0.85 threshold.']
job_0129 [X6]: ['Intent token Jaccard similarity 0.88 > 0.85 threshold.']
job_0129 [X6]: ['Intent token Jaccard similarity 0.88 > 0.85 threshold.']
job_0130 [X6]: ['Intent token Jaccard similarity 0.88 > 0.85 threshold.']
job_0130 [X6]: ['Intent token Jaccard similarity 0.88 > 0.85 threshold.']
job_0130 [X6]: ['Intent token Jaccard similarity 0.88 > 0.85 threshold.']
job_0130 [X6]: ['Intent token Jaccard similarity 0.88 > 0.85 threshold.']
job_0131 [X6]: ['Duplicate normalized intent detected.']
job_0131 [X6]: ['Duplicate normalized intent detected.']
job_0131 [X6]: ['Duplicate normalized intent detected.']
job_0131 [X6]: ['Duplicate normalized intent detected.']
job_0132 [X6]: ['Intent token Jaccard similarity 0.88 > 0.85 threshold.']
job_0132 [X6]: ['Intent token Jaccard similarity 0.88 > 0.85 threshold.']
job_0132 [X6]: ['Intent token Jaccard similarity 0.88 > 0.85 threshold.']
job_0132 [X6]: ['Intent token Jaccard similarity 0.88 > 0.85 threshold.']
job_0133 [X6]: ['Intent token Jaccard similarity 0.88 > 0.85 threshold.']
job_0133 [X6]: ['Intent token Jaccard similarity 0.88 > 0.85 threshold.']
job_0133 [X6]: ['Intent token Jaccard similarity 0.88 > 0.85 threshold.']
job_0133 [X6]: ['Intent token Jaccard similarity 0.88 > 0.85 threshold.']
job_0134 [X6]: ['Intent token Jaccard similarity 0.88 > 0.85 threshold.']
job_0134 [X6]: ['Intent token Jaccard similarity 0.88 > 0.85 threshold.']
job_0134 [X6]: ['Intent token Jaccard similarity 0.88 > 0.85 threshold.']
job_0134 [X6]: ['Intent token Jaccard similarity 0.88 > 0.85 threshold.']
job_0135 [X6]: ['Intent token Jaccard similarity 0.88 > 0.85 threshold.']
job_0135 [X6]: ['Intent token Jaccard similarity 0.88 > 0.85 threshold.']
job_0135 [X6]: ['Intent token Jaccard similarity 0.88 > 0.85 threshold.']
job_0135 [X6]: ['Intent token Jaccard similarity 0.88 > 0.85 threshold.']
job_0136 [X6]: ['Intent token Jaccard similarity 0.88 > 0.85 threshold.']
job_0136 [X6]: ['Intent token Jaccard similarity 0.88 > 0.85 threshold.']
job_0136 [X6]: ['Intent token Jaccard similarity 0.88 > 0.85 threshold.']
job_0136 [X6]: ['Intent token Jaccard similarity 0.88 > 0.85 threshold.']
job_0137 [X6]: ['Intent token Jaccard similarity 0.88 > 0.85 threshold.']
job_0137 [X6]: ['Intent token Jaccard similarity 0.88 > 0.85 threshold.']
job_0137 [X6]: ['Intent token Jaccard similarity 0.88 > 0.85 threshold.']
job_0137 [X6]: ['Intent token Jaccard similarity 0.88 > 0.85 threshold.']
job_0138 [X6]: ['Intent token Jaccard similarity 0.88 > 0.85 threshold.']
job_0138 [X6]: ['Intent token Jaccard similarity 0.88 > 0.85 threshold.']
job_0138 [X6]: ['Intent token Jaccard similarity 0.88 > 0.85 threshold.']
job_0138 [X6]: ['Intent token Jaccard similarity 0.88 > 0.85 threshold.']
job_0139 [X6]: ['Intent token Jaccard similarity 0.88 > 0.85 threshold.']
job_0139 [X6]: ['Intent token Jaccard similarity 0.88 > 0.85 threshold.']
job_0139 [X6]: ['Intent token Jaccard similarity 0.88 > 0.85 threshold.']
job_0139 [X6]: ['Intent token Jaccard similarity 0.88 > 0.85 threshold.']
job_0140 [X6]: ['Intent token Jaccard similarity 0.88 > 0.85 threshold.']
job_0140 [X6]: ['Intent token Jaccard similarity 0.88 > 0.85 threshold.']
job_0140 [X6]: ['Intent token Jaccard similarity 0.88 > 0.85 threshold.']
job_0140 [X6]: ['Intent token Jaccard similarity 0.88 > 0.85 threshold.']
job_0141 [X6]: ['Intent token Jaccard similarity 0.88 > 0.85 threshold.']
job_0141 [X6]: ['Intent token Jaccard similarity 0.88 > 0.85 threshold.']
job_0141 [X6]: ['Intent token Jaccard similarity 0.88 > 0.85 threshold.']
job_0141 [X6]: ['Intent token Jaccard similarity 0.88 > 0.85 threshold.']
job_0142 [X6]: ['Intent token Jaccard similarity 0.88 > 0.85 threshold.']
job_0142 [X6]: ['Intent token Jaccard similarity 0.88 > 0.85 threshold.']
job_0142 [X6]: ['Intent token Jaccard similarity 0.88 > 0.85 threshold.']
job_0142 [X6]: ['Intent token Jaccard similarity 0.88 > 0.85 threshold.']
job_0143 [X6]: ['Duplicate normalized intent detected.']
job_0143 [X6]: ['Duplicate normalized intent detected.']
job_0143 [X6]: ['Duplicate normalized intent detected.']
job_0143 [X6]: ['Duplicate normalized intent detected.']
job_0144 [X6]: ['Duplicate normalized intent detected.']
job_0144 [X6]: ['Duplicate normalized intent detected.']
job_0144 [X6]: ['Duplicate normalized intent detected.']
job_0144 [X6]: ['Duplicate normalized intent detected.']
job_0145 [X6]: ['Duplicate normalized intent detected.']
job_0145 [X6]: ['Duplicate normalized intent detected.']
job_0145 [X6]: ['Duplicate normalized intent detected.']
job_0145 [X6]: ['Duplicate normalized intent detected.']
job_0148 [X7]: ['Duplicate normalized intent detected.']
job_0148 [X7]: ['Duplicate normalized intent detected.']
job_0148 [X7]: ['Duplicate normalized intent detected.']
job_0148 [X7]: ['Duplicate normalized intent detected.']
job_0149 [X7]: ['Duplicate normalized intent detected.']
job_0149 [X7]: ['Duplicate normalized intent detected.']
job_0149 [X7]: ['Duplicate normalized intent detected.']
job_0149 [X7]: ['Duplicate normalized intent detected.']
job_0150 [X7]: ['Duplicate normalized intent detected.']
job_0150 [X7]: ['Duplicate normalized intent detected.']
job_0150 [X7]: ['Duplicate normalized intent detected.']
job_0150 [X7]: ['Duplicate normalized intent detected.']
job_0151 [X7]: ['Duplicate normalized intent detected.']
job_0151 [X7]: ['Duplicate normalized intent detected.']
job_0151 [X7]: ['Duplicate normalized intent detected.']
job_0151 [X7]: ['Duplicate normalized intent detected.']
job_0152 [X7]: ['Duplicate normalized intent detected.']
job_0152 [X7]: ['Duplicate normalized intent detected.']
job_0152 [X7]: ['Duplicate normalized intent detected.']
job_0152 [X7]: ['Duplicate normalized intent detected.']
job_0153 [X7]: ['Duplicate normalized intent detected.']
job_0153 [X7]: ['Duplicate normalized intent detected.']
job_0153 [X7]: ['Duplicate normalized intent detected.']
job_0153 [X7]: ['Duplicate normalized intent detected.']
job_0154 [X7]: ['Duplicate normalized intent detected.']
job_0154 [X7]: ['Duplicate normalized intent detected.']
job_0154 [X7]: ['Duplicate normalized intent detected.']
job_0154 [X7]: ['Duplicate normalized intent detected.']
job_0155 [X7]: ['Duplicate normalized intent detected.']
job_0155 [X7]: ['Duplicate normalized intent detected.']
job_0155 [X7]: ['Duplicate normalized intent detected.']
job_0155 [X7]: ['Duplicate normalized intent detected.']
job_0156 [X7]: ['Duplicate normalized intent detected.']
job_0156 [X7]: ['Duplicate normalized intent detected.']
job_0156 [X7]: ['Duplicate normalized intent detected.']
job_0156 [X7]: ['Duplicate normalized intent detected.']
job_0157 [X7]: ['Duplicate normalized intent detected.']
job_0157 [X7]: ['Duplicate normalized intent detected.']
job_0157 [X7]: ['Duplicate normalized intent detected.']
job_0157 [X7]: ['Duplicate normalized intent detected.']
job_0158 [X7]: ['Duplicate normalized intent detected.']
job_0158 [X7]: ['Duplicate normalized intent detected.']
job_0158 [X7]: ['Duplicate normalized intent detected.']
job_0158 [X7]: ['Duplicate normalized intent detected.']
job_0159 [X7]: ['Duplicate normalized intent detected.']
job_0159 [X7]: ['Duplicate normalized intent detected.']
job_0159 [X7]: ['Duplicate normalized intent detected.']
job_0159 [X7]: ['Duplicate normalized intent detected.']
job_0160 [X7]: ['Duplicate normalized intent detected.']
job_0160 [X7]: ['Duplicate normalized intent detected.']
job_0160 [X7]: ['Duplicate normalized intent detected.']
job_0160 [X7]: ['Duplicate normalized intent detected.']
job_0167 [X8]: ['Intent token Jaccard similarity 0.89 > 0.85 threshold.']
job_0167 [X8]: ['Intent token Jaccard similarity 0.89 > 0.85 threshold.']
job_0167 [X8]: ['Intent token Jaccard similarity 0.89 > 0.85 threshold.']
job_0167 [X8]: ['Intent token Jaccard similarity 0.89 > 0.85 threshold.']
job_0173 [X9]: ['Duplicate normalized intent detected.']
job_0173 [X9]: ['Duplicate normalized intent detected.']
job_0173 [X9]: ['Duplicate normalized intent detected.']
job_0173 [X9]: ['Duplicate normalized intent detected.']
job_0174 [X9]: ['Duplicate normalized intent detected.']
job_0174 [X9]: ['Duplicate normalized intent detected.']
job_0174 [X9]: ['Duplicate normalized intent detected.']
job_0174 [X9]: ['Duplicate normalized intent detected.']
job_0175 [X9]: ['Duplicate normalized intent detected.']
job_0175 [X9]: ['Duplicate normalized intent detected.']
job_0175 [X9]: ['Duplicate normalized intent detected.']
job_0175 [X9]: ['Duplicate normalized intent detected.']
job_0176 [X9]: ['Duplicate normalized intent detected.']
job_0176 [X9]: ['Duplicate normalized intent detected.']
job_0176 [X9]: ['Duplicate normalized intent detected.']
job_0176 [X9]: ['Duplicate normalized intent detected.']
job_0177 [X9]: ['Duplicate normalized intent detected.']
job_0177 [X9]: ['Duplicate normalized intent detected.']
job_0177 [X9]: ['Duplicate normalized intent detected.']
job_0177 [X9]: ['Duplicate normalized intent detected.']
job_0178 [X9]: ['Duplicate normalized intent detected.']
job_0178 [X9]: ['Duplicate normalized intent detected.']
job_0178 [X9]: ['Duplicate normalized intent detected.']
job_0178 [X9]: ['Duplicate normalized intent detected.']
job_0179 [X9]: ['Duplicate normalized intent detected.']
job_0179 [X9]: ['Duplicate normalized intent detected.']
job_0179 [X9]: ['Duplicate normalized intent detected.']
job_0179 [X9]: ['Duplicate normalized intent detected.']
job_0180 [X9]: ['Duplicate normalized intent detected.']
job_0180 [X9]: ['Duplicate normalized intent detected.']
job_0180 [X9]: ['Duplicate normalized intent detected.']
job_0180 [X9]: ['Duplicate normalized intent detected.']
job_0183 [K1]: ['Duplicate normalized intent detected.']
job_0183 [K1]: ['Duplicate normalized intent detected.']
job_0183 [K1]: ['Duplicate normalized intent detected.']
job_0183 [K1]: ['Duplicate normalized intent detected.']
job_0184 [K1]: ['Duplicate normalized intent detected.']
job_0184 [K1]: ['Duplicate normalized intent detected.']
job_0184 [K1]: ['Duplicate normalized intent detected.']
job_0184 [K1]: ['Duplicate normalized intent detected.']
job_0185 [K1]: ['Duplicate normalized intent detected.']
job_0185 [K1]: ['Duplicate normalized intent detected.']
job_0185 [K1]: ['Duplicate normalized intent detected.']
job_0185 [K1]: ['Duplicate normalized intent detected.']
job_0186 [K1]: ['Duplicate normalized intent detected.']
job_0186 [K1]: ['Duplicate normalized intent detected.']
job_0186 [K1]: ['Duplicate normalized intent detected.']
job_0186 [K1]: ['Duplicate normalized intent detected.']
job_0187 [K1]: ['Duplicate normalized intent detected.']
job_0187 [K1]: ['Duplicate normalized intent detected.']
job_0187 [K1]: ['Duplicate normalized intent detected.']
job_0187 [K1]: ['Duplicate normalized intent detected.']
job_0188 [K1]: ['Duplicate normalized intent detected.']
job_0188 [K1]: ['Duplicate normalized intent detected.']
job_0188 [K1]: ['Duplicate normalized intent detected.']
job_0188 [K1]: ['Duplicate normalized intent detected.']
job_0189 [K1]: ['Duplicate normalized intent detected.']
job_0189 [K1]: ['Duplicate normalized intent detected.']
job_0189 [K1]: ['Duplicate normalized intent detected.']
job_0189 [K1]: ['Duplicate normalized intent detected.']
job_0190 [K1]: ['Duplicate normalized intent detected.']
job_0190 [K1]: ['Duplicate normalized intent detected.']
job_0190 [K1]: ['Duplicate normalized intent detected.']
job_0190 [K1]: ['Duplicate normalized intent detected.']
job_0191 [K1]: ['Duplicate normalized intent detected.']
job_0191 [K1]: ['Duplicate normalized intent detected.']
job_0191 [K1]: ['Duplicate normalized intent detected.']
job_0191 [K1]: ['Duplicate normalized intent detected.']
job_0192 [K1]: ['Duplicate normalized intent detected.']
job_0192 [K1]: ['Duplicate normalized intent detected.']
job_0192 [K1]: ['Duplicate normalized intent detected.']
job_0192 [K1]: ['Duplicate normalized intent detected.']
job_0193 [K1]: ['Duplicate normalized intent detected.']
job_0193 [K1]: ['Duplicate normalized intent detected.']
job_0193 [K1]: ['Duplicate normalized intent detected.']
job_0193 [K1]: ['Duplicate normalized intent detected.']
job_0194 [K1]: ['Duplicate normalized intent detected.']
job_0194 [K1]: ['Duplicate normalized intent detected.']
job_0194 [K1]: ['Duplicate normalized intent detected.']
job_0194 [K1]: ['Duplicate normalized intent detected.']
job_0195 [K1]: ['Duplicate normalized intent detected.']
job_0195 [K1]: ['Duplicate normalized intent detected.']
job_0195 [K1]: ['Duplicate normalized intent detected.']
job_0195 [K1]: ['Duplicate normalized intent detected.']
job_0196 [K1]: ['Duplicate normalized intent detected.']
job_0196 [K1]: ['Duplicate normalized intent detected.']
job_0196 [K1]: ['Duplicate normalized intent detected.']
job_0196 [K1]: ['Duplicate normalized intent detected.']
job_0197 [K1]: ['Duplicate normalized intent detected.']
job_0197 [K1]: ['Duplicate normalized intent detected.']
job_0197 [K1]: ['Duplicate normalized intent detected.']
job_0197 [K1]: ['Duplicate normalized intent detected.']
job_0198 [K1]: ['Duplicate normalized intent detected.']
job_0198 [K1]: ['Duplicate normalized intent detected.']
job_0198 [K1]: ['Duplicate normalized intent detected.']
job_0198 [K1]: ['Duplicate normalized intent detected.']
job_0199 [K1]: ['Duplicate normalized intent detected.']
job_0199 [K1]: ['Duplicate normalized intent detected.']
job_0199 [K1]: ['Duplicate normalized intent detected.']
job_0199 [K1]: ['Duplicate normalized intent detected.']
job_0200 [K1]: ['Duplicate normalized intent detected.']
job_0200 [K1]: ['Duplicate normalized intent detected.']
job_0200 [K1]: ['Duplicate normalized intent detected.']
job_0200 [K1]: ['Duplicate normalized intent detected.']
job_0201 [K1]: ['Duplicate normalized intent detected.']
job_0201 [K1]: ['Duplicate normalized intent detected.']
job_0201 [K1]: ['Duplicate normalized intent detected.']
job_0201 [K1]: ['Duplicate normalized intent detected.']
job_0202 [K1]: ['Duplicate normalized intent detected.']
job_0202 [K1]: ['Duplicate normalized intent detected.']
job_0202 [K1]: ['Duplicate normalized intent detected.']
job_0202 [K1]: ['Duplicate normalized intent detected.']
job_0203 [K1]: ['Duplicate normalized intent detected.']
job_0203 [K1]: ['Duplicate normalized intent detected.']
job_0203 [K1]: ['Duplicate normalized intent detected.']
job_0203 [K1]: ['Duplicate normalized intent detected.']
job_0204 [K1]: ['Duplicate normalized intent detected.']
job_0204 [K1]: ['Duplicate normalized intent detected.']
job_0204 [K1]: ['Duplicate normalized intent detected.']
job_0204 [K1]: ['Duplicate normalized intent detected.']
job_0205 [K1]: ['Duplicate normalized intent detected.']
job_0205 [K1]: ['Duplicate normalized intent detected.']
job_0205 [K1]: ['Duplicate normalized intent detected.']
job_0205 [K1]: ['Duplicate normalized intent detected.']
job_0206 [K1]: ['Duplicate normalized intent detected.']
job_0206 [K1]: ['Duplicate normalized intent detected.']
job_0206 [K1]: ['Duplicate normalized intent detected.']
job_0206 [K1]: ['Duplicate normalized intent detected.']
job_0207 [K1]: ['Duplicate normalized intent detected.']
job_0207 [K1]: ['Duplicate normalized intent detected.']
job_0207 [K1]: ['Duplicate normalized intent detected.']
job_0207 [K1]: ['Duplicate normalized intent detected.']
job_0208 [K1]: ['Duplicate normalized intent detected.']
job_0208 [K1]: ['Duplicate normalized intent detected.']
job_0208 [K1]: ['Duplicate normalized intent detected.']
job_0208 [K1]: ['Duplicate normalized intent detected.']
job_0209 [K1]: ['Duplicate normalized intent detected.']
job_0209 [K1]: ['Duplicate normalized intent detected.']
job_0209 [K1]: ['Duplicate normalized intent detected.']
job_0209 [K1]: ['Duplicate normalized intent detected.']
job_0210 [K1]: ['Duplicate normalized intent detected.']
job_0210 [K1]: ['Duplicate normalized intent detected.']
job_0210 [K1]: ['Duplicate normalized intent detected.']
job_0210 [K1]: ['Duplicate normalized intent detected.']
job_0214 [K2]: ['Intent token Jaccard similarity 0.88 > 0.85 threshold.']
job_0214 [K2]: ['Intent token Jaccard similarity 0.88 > 0.85 threshold.']
job_0214 [K2]: ['Intent token Jaccard similarity 0.88 > 0.85 threshold.']
job_0214 [K2]: ['Intent token Jaccard similarity 0.88 > 0.85 threshold.']
job_0217 [K2]: ['Duplicate normalized intent detected.']
job_0217 [K2]: ['Duplicate normalized intent detected.']
job_0217 [K2]: ['Duplicate normalized intent detected.']
job_0217 [K2]: ['Duplicate normalized intent detected.']
job_0218 [K2]: ['Duplicate normalized intent detected.']
job_0218 [K2]: ['Duplicate normalized intent detected.']
job_0218 [K2]: ['Duplicate normalized intent detected.']
job_0218 [K2]: ['Duplicate normalized intent detected.']
job_0219 [K2]: ['Intent token Jaccard similarity 0.88 > 0.85 threshold.']
job_0219 [K2]: ['Intent token Jaccard similarity 0.88 > 0.85 threshold.']
job_0219 [K2]: ['Intent token Jaccard similarity 0.88 > 0.85 threshold.']
job_0219 [K2]: ['Intent token Jaccard similarity 0.88 > 0.85 threshold.']
job_0220 [K2]: ['Duplicate normalized intent detected.']
job_0220 [K2]: ['Duplicate normalized intent detected.']
job_0220 [K2]: ['Duplicate normalized intent detected.']
job_0220 [K2]: ['Duplicate normalized intent detected.']
job_0221 [K2]: ['Duplicate normalized intent detected.']
job_0221 [K2]: ['Duplicate normalized intent detected.']
job_0221 [K2]: ['Duplicate normalized intent detected.']
job_0221 [K2]: ['Duplicate normalized intent detected.']
job_0222 [K2]: ['Intent token Jaccard similarity 0.88 > 0.85 threshold.']
job_0222 [K2]: ['Intent token Jaccard similarity 0.88 > 0.85 threshold.']
job_0222 [K2]: ['Intent token Jaccard similarity 0.88 > 0.85 threshold.']
job_0222 [K2]: ['Intent token Jaccard similarity 0.88 > 0.85 threshold.']
job_0224 [K2]: ['Intent token Jaccard similarity 0.88 > 0.85 threshold.']
job_0224 [K2]: ['Intent token Jaccard similarity 0.88 > 0.85 threshold.']
job_0224 [K2]: ['Intent token Jaccard similarity 0.88 > 0.85 threshold.']
job_0224 [K2]: ['Intent token Jaccard similarity 0.88 > 0.85 threshold.']
job_0225 [K2]: ['Intent token Jaccard similarity 0.88 > 0.85 threshold.']
job_0225 [K2]: ['Intent token Jaccard similarity 0.88 > 0.85 threshold.']
job_0225 [K2]: ['Intent token Jaccard similarity 0.88 > 0.85 threshold.']
job_0225 [K2]: ['Intent token Jaccard similarity 0.88 > 0.85 threshold.']
job_0226 [K2]: ['Intent token Jaccard similarity 0.88 > 0.85 threshold.']
job_0226 [K2]: ['Intent token Jaccard similarity 0.88 > 0.85 threshold.']
job_0226 [K2]: ['Intent token Jaccard similarity 0.88 > 0.85 threshold.']
job_0226 [K2]: ['Intent token Jaccard similarity 0.88 > 0.85 threshold.']
job_0227 [K2]: ['Intent token Jaccard similarity 0.88 > 0.85 threshold.']
job_0227 [K2]: ['Intent token Jaccard similarity 0.88 > 0.85 threshold.']
job_0227 [K2]: ['Intent token Jaccard similarity 0.88 > 0.85 threshold.']
job_0227 [K2]: ['Intent token Jaccard similarity 0.88 > 0.85 threshold.']
job_0228 [K2]: ['Intent token Jaccard similarity 0.88 > 0.85 threshold.']
job_0228 [K2]: ['Intent token Jaccard similarity 0.88 > 0.85 threshold.']
job_0228 [K2]: ['Intent token Jaccard similarity 0.88 > 0.85 threshold.']
job_0228 [K2]: ['Intent token Jaccard similarity 0.88 > 0.85 threshold.']
job_0229 [K2]: ['Duplicate normalized intent detected.']
job_0229 [K2]: ['Duplicate normalized intent detected.']
job_0229 [K2]: ['Duplicate normalized intent detected.']
job_0229 [K2]: ['Duplicate normalized intent detected.']
job_0230 [K2]: ['Intent token Jaccard similarity 0.88 > 0.85 threshold.']
job_0230 [K2]: ['Intent token Jaccard similarity 0.88 > 0.85 threshold.']
job_0230 [K2]: ['Intent token Jaccard similarity 0.88 > 0.85 threshold.']
job_0230 [K2]: ['Intent token Jaccard similarity 0.88 > 0.85 threshold.']
job_0231 [K2]: ['Intent token Jaccard similarity 0.88 > 0.85 threshold.']
job_0231 [K2]: ['Intent token Jaccard similarity 0.88 > 0.85 threshold.']
job_0231 [K2]: ['Intent token Jaccard similarity 0.88 > 0.85 threshold.']
job_0231 [K2]: ['Intent token Jaccard similarity 0.88 > 0.85 threshold.']
job_0232 [K2]: ['Intent token Jaccard similarity 0.88 > 0.85 threshold.']
job_0232 [K2]: ['Intent token Jaccard similarity 0.88 > 0.85 threshold.']
job_0232 [K2]: ['Intent token Jaccard similarity 0.88 > 0.85 threshold.']
job_0232 [K2]: ['Intent token Jaccard similarity 0.88 > 0.85 threshold.']
job_0233 [K2]: ['Duplicate normalized intent detected.']
job_0233 [K2]: ['Duplicate normalized intent detected.']
job_0233 [K2]: ['Duplicate normalized intent detected.']
job_0233 [K2]: ['Duplicate normalized intent detected.']
job_0234 [K2]: ['Intent token Jaccard similarity 0.88 > 0.85 threshold.']
job_0234 [K2]: ['Intent token Jaccard similarity 0.88 > 0.85 threshold.']
job_0234 [K2]: ['Intent token Jaccard similarity 0.88 > 0.85 threshold.']
job_0234 [K2]: ['Intent token Jaccard similarity 0.88 > 0.85 threshold.']
job_0235 [K2]: ['Intent token Jaccard similarity 0.88 > 0.85 threshold.']
job_0235 [K2]: ['Intent token Jaccard similarity 0.88 > 0.85 threshold.']
job_0235 [K2]: ['Intent token Jaccard similarity 0.88 > 0.85 threshold.']
job_0235 [K2]: ['Intent token Jaccard similarity 0.88 > 0.85 threshold.']
job_0236 [K2]: ['Duplicate normalized intent detected.']
job_0236 [K2]: ['Duplicate normalized intent detected.']
job_0236 [K2]: ['Duplicate normalized intent detected.']
job_0236 [K2]: ['Duplicate normalized intent detected.']
job_0237 [K2]: ['Intent token Jaccard similarity 0.88 > 0.85 threshold.']
job_0237 [K2]: ['Intent token Jaccard similarity 0.88 > 0.85 threshold.']
job_0237 [K2]: ['Intent token Jaccard similarity 0.88 > 0.85 threshold.']
job_0237 [K2]: ['Intent token Jaccard similarity 0.88 > 0.85 threshold.']
job_0238 [K2]: ['Duplicate normalized intent detected.']
job_0238 [K2]: ['Duplicate normalized intent detected.']
job_0238 [K2]: ['Duplicate normalized intent detected.']
job_0238 [K2]: ['Duplicate normalized intent detected.']
job_0239 [K2]: ['Intent token Jaccard similarity 0.88 > 0.85 threshold.']
job_0239 [K2]: ['Intent token Jaccard similarity 0.88 > 0.85 threshold.']
job_0239 [K2]: ['Intent token Jaccard similarity 0.88 > 0.85 threshold.']
job_0239 [K2]: ['Intent token Jaccard similarity 0.88 > 0.85 threshold.']
job_0243 [K3]: ['Intent token Jaccard similarity 0.88 > 0.85 threshold.']
job_0243 [K3]: ['Intent token Jaccard similarity 0.88 > 0.85 threshold.']
job_0243 [K3]: ['Intent token Jaccard similarity 0.88 > 0.85 threshold.']
job_0243 [K3]: ['Intent token Jaccard similarity 0.88 > 0.85 threshold.']
job_0244 [K3]: ['Intent token Jaccard similarity 0.88 > 0.85 threshold.']
job_0244 [K3]: ['Intent token Jaccard similarity 0.88 > 0.85 threshold.']
job_0244 [K3]: ['Intent token Jaccard similarity 0.88 > 0.85 threshold.']
job_0244 [K3]: ['Intent token Jaccard similarity 0.88 > 0.85 threshold.']
job_0247 [K3]: ['Intent token Jaccard similarity 0.88 > 0.85 threshold.']
job_0247 [K3]: ['Intent token Jaccard similarity 0.88 > 0.85 threshold.']
job_0247 [K3]: ['Intent token Jaccard similarity 0.88 > 0.85 threshold.']
job_0247 [K3]: ['Intent token Jaccard similarity 0.88 > 0.85 threshold.']
job_0248 [K3]: ['Intent token Jaccard similarity 0.88 > 0.85 threshold.']
job_0248 [K3]: ['Intent token Jaccard similarity 0.88 > 0.85 threshold.']
job_0248 [K3]: ['Intent token Jaccard similarity 0.88 > 0.85 threshold.']
job_0248 [K3]: ['Intent token Jaccard similarity 0.88 > 0.85 threshold.']
job_0250 [K3]: ['Intent token Jaccard similarity 0.88 > 0.85 threshold.']
job_0250 [K3]: ['Intent token Jaccard similarity 0.88 > 0.85 threshold.']
job_0250 [K3]: ['Intent token Jaccard similarity 0.88 > 0.85 threshold.']
job_0250 [K3]: ['Intent token Jaccard similarity 0.88 > 0.85 threshold.']
job_0251 [K3]: ['Intent token Jaccard similarity 0.88 > 0.85 threshold.']
job_0251 [K3]: ['Intent token Jaccard similarity 0.88 > 0.85 threshold.']
job_0251 [K3]: ['Intent token Jaccard similarity 0.88 > 0.85 threshold.']
job_0251 [K3]: ['Intent token Jaccard similarity 0.88 > 0.85 threshold.']
job_0252 [K3]: ['Intent token Jaccard similarity 0.88 > 0.85 threshold.']
job_0252 [K3]: ['Intent token Jaccard similarity 0.88 > 0.85 threshold.']
job_0252 [K3]: ['Intent token Jaccard similarity 0.88 > 0.85 threshold.']
job_0252 [K3]: ['Intent token Jaccard similarity 0.88 > 0.85 threshold.']
job_0254 [K3]: ['Intent token Jaccard similarity 0.88 > 0.85 threshold.']
job_0254 [K3]: ['Intent token Jaccard similarity 0.88 > 0.85 threshold.']
job_0254 [K3]: ['Intent token Jaccard similarity 0.88 > 0.85 threshold.']
job_0254 [K3]: ['Intent token Jaccard similarity 0.88 > 0.85 threshold.']
job_0255 [K3]: ['Intent token Jaccard similarity 0.88 > 0.85 threshold.']
job_0255 [K3]: ['Intent token Jaccard similarity 0.88 > 0.85 threshold.']
job_0255 [K3]: ['Intent token Jaccard similarity 0.88 > 0.85 threshold.']
job_0255 [K3]: ['Intent token Jaccard similarity 0.88 > 0.85 threshold.']
job_0257 [K3]: ['Intent token Jaccard similarity 0.88 > 0.85 threshold.']
job_0257 [K3]: ['Intent token Jaccard similarity 0.88 > 0.85 threshold.']
job_0257 [K3]: ['Intent token Jaccard similarity 0.88 > 0.85 threshold.']
job_0257 [K3]: ['Intent token Jaccard similarity 0.88 > 0.85 threshold.']
job_0260 [K3]: ['Intent token Jaccard similarity 0.88 > 0.85 threshold.']
job_0260 [K3]: ['Intent token Jaccard similarity 0.88 > 0.85 threshold.']
job_0260 [K3]: ['Intent token Jaccard similarity 0.88 > 0.85 threshold.']
job_0260 [K3]: ['Intent token Jaccard similarity 0.88 > 0.85 threshold.']
job_0262 [K4]: ['Intent token Jaccard similarity 0.88 > 0.85 threshold.']
job_0262 [K4]: ['Intent token Jaccard similarity 0.88 > 0.85 threshold.']
job_0262 [K4]: ['Intent token Jaccard similarity 0.88 > 0.85 threshold.']
job_0262 [K4]: ['Intent token Jaccard similarity 0.88 > 0.85 threshold.']
job_0263 [K4]: ['Duplicate normalized intent detected.']
job_0263 [K4]: ['Duplicate normalized intent detected.']
job_0263 [K4]: ['Duplicate normalized intent detected.']
job_0263 [K4]: ['Duplicate normalized intent detected.']
job_0264 [K4]: ['Intent token Jaccard similarity 0.88 > 0.85 threshold.']
job_0264 [K4]: ['Intent token Jaccard similarity 0.88 > 0.85 threshold.']
job_0264 [K4]: ['Intent token Jaccard similarity 0.88 > 0.85 threshold.']
job_0264 [K4]: ['Intent token Jaccard similarity 0.88 > 0.85 threshold.']
job_0265 [K4]: ['Duplicate normalized intent detected.']
job_0265 [K4]: ['Duplicate normalized intent detected.']
job_0265 [K4]: ['Duplicate normalized intent detected.']
job_0265 [K4]: ['Duplicate normalized intent detected.']
job_0266 [K4]: ['Intent token Jaccard similarity 0.88 > 0.85 threshold.']
job_0266 [K4]: ['Intent token Jaccard similarity 0.88 > 0.85 threshold.']
job_0266 [K4]: ['Intent token Jaccard similarity 0.88 > 0.85 threshold.']
job_0266 [K4]: ['Intent token Jaccard similarity 0.88 > 0.85 threshold.']
job_0267 [K4]: ['Duplicate normalized intent detected.']
job_0267 [K4]: ['Duplicate normalized intent detected.']
job_0267 [K4]: ['Duplicate normalized intent detected.']
job_0267 [K4]: ['Duplicate normalized intent detected.']
job_0268 [K4]: ['Intent token Jaccard similarity 0.88 > 0.85 threshold.']
job_0268 [K4]: ['Intent token Jaccard similarity 0.88 > 0.85 threshold.']
job_0268 [K4]: ['Intent token Jaccard similarity 0.88 > 0.85 threshold.']
job_0268 [K4]: ['Intent token Jaccard similarity 0.88 > 0.85 threshold.']
job_0269 [K4]: ['Duplicate normalized intent detected.']
job_0269 [K4]: ['Duplicate normalized intent detected.']
job_0269 [K4]: ['Duplicate normalized intent detected.']
job_0269 [K4]: ['Duplicate normalized intent detected.']
job_0270 [K4]: ['Intent token Jaccard similarity 0.88 > 0.85 threshold.']
job_0270 [K4]: ['Intent token Jaccard similarity 0.88 > 0.85 threshold.']
job_0270 [K4]: ['Intent token Jaccard similarity 0.88 > 0.85 threshold.']
job_0270 [K4]: ['Intent token Jaccard similarity 0.88 > 0.85 threshold.']
job_0271 [K4]: ['Duplicate normalized intent detected.']
job_0271 [K4]: ['Duplicate normalized intent detected.']
job_0271 [K4]: ['Duplicate normalized intent detected.']
job_0271 [K4]: ['Duplicate normalized intent detected.']
job_0272 [K4]: ['Intent token Jaccard similarity 0.88 > 0.85 threshold.']
job_0272 [K4]: ['Intent token Jaccard similarity 0.88 > 0.85 threshold.']
job_0272 [K4]: ['Intent token Jaccard similarity 0.88 > 0.85 threshold.']
job_0272 [K4]: ['Intent token Jaccard similarity 0.88 > 0.85 threshold.']
job_0273 [K4]: ['Duplicate normalized intent detected.']
job_0273 [K4]: ['Duplicate normalized intent detected.']
job_0273 [K4]: ['Duplicate normalized intent detected.']
job_0273 [K4]: ['Duplicate normalized intent detected.']
job_0274 [K4]: ['Intent token Jaccard similarity 0.88 > 0.85 threshold.']
job_0274 [K4]: ['Intent token Jaccard similarity 0.88 > 0.85 threshold.']
job_0274 [K4]: ['Intent token Jaccard similarity 0.88 > 0.85 threshold.']
job_0274 [K4]: ['Intent token Jaccard similarity 0.88 > 0.85 threshold.']
job_0275 [K4]: ['Duplicate normalized intent detected.']
job_0275 [K4]: ['Duplicate normalized intent detected.']
job_0275 [K4]: ['Duplicate normalized intent detected.']
job_0275 [K4]: ['Duplicate normalized intent detected.']
job_0276 [K4]: ['Intent token Jaccard similarity 0.88 > 0.85 threshold.']
job_0276 [K4]: ['Intent token Jaccard similarity 0.88 > 0.85 threshold.']
job_0276 [K4]: ['Intent token Jaccard similarity 0.88 > 0.85 threshold.']
job_0276 [K4]: ['Intent token Jaccard similarity 0.88 > 0.85 threshold.']
job_0277 [K4]: ['Duplicate normalized intent detected.']
job_0277 [K4]: ['Duplicate normalized intent detected.']
job_0277 [K4]: ['Duplicate normalized intent detected.']
job_0277 [K4]: ['Duplicate normalized intent detected.']
job_0278 [K4]: ['Intent token Jaccard similarity 0.88 > 0.85 threshold.']
job_0278 [K4]: ['Intent token Jaccard similarity 0.88 > 0.85 threshold.']
job_0278 [K4]: ['Intent token Jaccard similarity 0.88 > 0.85 threshold.']
job_0278 [K4]: ['Intent token Jaccard similarity 0.88 > 0.85 threshold.']
job_0279 [K4]: ['Duplicate normalized intent detected.']
job_0279 [K4]: ['Duplicate normalized intent detected.']
job_0279 [K4]: ['Duplicate normalized intent detected.']
job_0279 [K4]: ['Duplicate normalized intent detected.']
job_0280 [K4]: ['Intent token Jaccard similarity 0.88 > 0.85 threshold.']
job_0280 [K4]: ['Intent token Jaccard similarity 0.88 > 0.85 threshold.']
job_0280 [K4]: ['Intent token Jaccard similarity 0.88 > 0.85 threshold.']
job_0280 [K4]: ['Intent token Jaccard similarity 0.88 > 0.85 threshold.']
job_0284 [K5]: ['Intent token Jaccard similarity 0.94 > 0.85 threshold.']
job_0284 [K5]: ['Intent token Jaccard similarity 0.94 > 0.85 threshold.']
job_0284 [K5]: ['Intent token Jaccard similarity 0.94 > 0.85 threshold.']
job_0284 [K5]: ['Intent token Jaccard similarity 0.94 > 0.85 threshold.']
job_0285 [K5]: ['Intent token Jaccard similarity 0.93 > 0.85 threshold.']
job_0285 [K5]: ['Intent token Jaccard similarity 0.93 > 0.85 threshold.']
job_0285 [K5]: ['Intent token Jaccard similarity 0.93 > 0.85 threshold.']
job_0285 [K5]: ['Intent token Jaccard similarity 0.93 > 0.85 threshold.']
job_0286 [K5]: ['Intent token Jaccard similarity 0.94 > 0.85 threshold.']
job_0286 [K5]: ['Intent token Jaccard similarity 0.94 > 0.85 threshold.']
job_0286 [K5]: ['Intent token Jaccard similarity 0.94 > 0.85 threshold.']
job_0286 [K5]: ['Intent token Jaccard similarity 0.94 > 0.85 threshold.']
job_0287 [K5]: ['Duplicate normalized intent detected.']
job_0287 [K5]: ['Duplicate normalized intent detected.']
job_0287 [K5]: ['Duplicate normalized intent detected.']
job_0287 [K5]: ['Duplicate normalized intent detected.']
job_0288 [K5]: ['Duplicate normalized intent detected.']
job_0288 [K5]: ['Duplicate normalized intent detected.']
job_0288 [K5]: ['Duplicate normalized intent detected.']
job_0288 [K5]: ['Duplicate normalized intent detected.']
job_0289 [K5]: ['Intent token Jaccard similarity 0.93 > 0.85 threshold.']
job_0289 [K5]: ['Intent token Jaccard similarity 0.93 > 0.85 threshold.']
job_0289 [K5]: ['Intent token Jaccard similarity 0.93 > 0.85 threshold.']
job_0289 [K5]: ['Intent token Jaccard similarity 0.93 > 0.85 threshold.']
job_0290 [K5]: ['Duplicate normalized intent detected.']
job_0290 [K5]: ['Duplicate normalized intent detected.']
job_0290 [K5]: ['Duplicate normalized intent detected.']
job_0290 [K5]: ['Duplicate normalized intent detected.']
job_0291 [K5]: ['Duplicate normalized intent detected.']
job_0291 [K5]: ['Duplicate normalized intent detected.']
job_0291 [K5]: ['Duplicate normalized intent detected.']
job_0291 [K5]: ['Duplicate normalized intent detected.']
job_0292 [K5]: ['Intent token Jaccard similarity 0.94 > 0.85 threshold.']
job_0292 [K5]: ['Intent token Jaccard similarity 0.94 > 0.85 threshold.']
job_0292 [K5]: ['Intent token Jaccard similarity 0.94 > 0.85 threshold.']
job_0292 [K5]: ['Intent token Jaccard similarity 0.94 > 0.85 threshold.']
job_0293 [K5]: ['Intent token Jaccard similarity 0.93 > 0.85 threshold.']
job_0293 [K5]: ['Intent token Jaccard similarity 0.93 > 0.85 threshold.']
job_0293 [K5]: ['Intent token Jaccard similarity 0.93 > 0.85 threshold.']
job_0293 [K5]: ['Intent token Jaccard similarity 0.93 > 0.85 threshold.']
job_0294 [K5]: ['Duplicate normalized intent detected.']
job_0294 [K5]: ['Duplicate normalized intent detected.']
job_0294 [K5]: ['Duplicate normalized intent detected.']
job_0294 [K5]: ['Duplicate normalized intent detected.']
job_0295 [K5]: ['Duplicate normalized intent detected.']
job_0295 [K5]: ['Duplicate normalized intent detected.']
job_0295 [K5]: ['Duplicate normalized intent detected.']
job_0295 [K5]: ['Duplicate normalized intent detected.']
job_0297 [K5]: ['Duplicate normalized intent detected.']
job_0297 [K5]: ['Duplicate normalized intent detected.']
job_0297 [K5]: ['Duplicate normalized intent detected.']
job_0297 [K5]: ['Duplicate normalized intent detected.']
job_0298 [K5]: ['Duplicate normalized intent detected.']
job_0298 [K5]: ['Duplicate normalized intent detected.']
job_0298 [K5]: ['Duplicate normalized intent detected.']
job_0298 [K5]: ['Duplicate normalized intent detected.']
job_0299 [K5]: ['Duplicate normalized intent detected.']
job_0299 [K5]: ['Duplicate normalized intent detected.']
job_0299 [K5]: ['Duplicate normalized intent detected.']
job_0299 [K5]: ['Duplicate normalized intent detected.']
job_0300 [K5]: ['Intent token Jaccard similarity 0.94 > 0.85 threshold.']
job_0300 [K5]: ['Intent token Jaccard similarity 0.94 > 0.85 threshold.']
job_0300 [K5]: ['Intent token Jaccard similarity 0.94 > 0.85 threshold.']
job_0300 [K5]: ['Intent token Jaccard similarity 0.94 > 0.85 threshold.']
job_0005 [X1]: ['Intent token Jaccard similarity 0.89 > 0.85 threshold.']
job_0005 [X1]: ['Intent token Jaccard similarity 0.89 > 0.85 threshold.']
job_0005 [X1]: ['Intent token Jaccard similarity 0.89 > 0.85 threshold.']
job_0005 [X1]: ['Intent token Jaccard similarity 0.89 > 0.85 threshold.']
job_0014 [X1]: ['Intent token Jaccard similarity 0.89 > 0.85 threshold.']
job_0014 [X1]: ['Intent token Jaccard similarity 0.89 > 0.85 threshold.']
job_0014 [X1]: ['Intent token Jaccard similarity 0.89 > 0.85 threshold.']
job_0014 [X1]: ['Intent token Jaccard similarity 0.89 > 0.85 threshold.']
job_0017 [X1]: ['Intent token Jaccard similarity 0.89 > 0.85 threshold.']
job_0017 [X1]: ['Intent token Jaccard similarity 0.89 > 0.85 threshold.']
job_0017 [X1]: ['Intent token Jaccard similarity 0.89 > 0.85 threshold.']
job_0017 [X1]: ['Intent token Jaccard similarity 0.89 > 0.85 threshold.']
job_0028 [X1]: ['Intent token Jaccard similarity 0.89 > 0.85 threshold.']
job_0028 [X1]: ['Intent token Jaccard similarity 0.89 > 0.85 threshold.']
job_0028 [X1]: ['Intent token Jaccard similarity 0.89 > 0.85 threshold.']
job_0028 [X1]: ['Intent token Jaccard similarity 0.89 > 0.85 threshold.']
job_0052 [X2]: ['Intent token Jaccard similarity 0.89 > 0.85 threshold.']
job_0052 [X2]: ['Intent token Jaccard similarity 0.89 > 0.85 threshold.']
job_0052 [X2]: ['Intent token Jaccard similarity 0.89 > 0.85 threshold.']
job_0052 [X2]: ['Intent token Jaccard similarity 0.89 > 0.85 threshold.']
job_0058 [X3]: ['Intent token Jaccard similarity 0.88 > 0.85 threshold.']
job_0058 [X3]: ['Intent token Jaccard similarity 0.88 > 0.85 threshold.']
job_0058 [X3]: ['Intent token Jaccard similarity 0.88 > 0.85 threshold.']
job_0058 [X3]: ['Intent token Jaccard similarity 0.88 > 0.85 threshold.']
job_0059 [X3]: ['Intent token Jaccard similarity 0.88 > 0.85 threshold.']
job_0059 [X3]: ['Intent token Jaccard similarity 0.88 > 0.85 threshold.']
job_0059 [X3]: ['Intent token Jaccard similarity 0.88 > 0.85 threshold.']
job_0059 [X3]: ['Intent token Jaccard similarity 0.88 > 0.85 threshold.']
job_0060 [X3]: ['Intent token Jaccard similarity 0.88 > 0.85 threshold.']
job_0060 [X3]: ['Intent token Jaccard similarity 0.88 > 0.85 threshold.']
job_0060 [X3]: ['Intent token Jaccard similarity 0.88 > 0.85 threshold.']
job_0060 [X3]: ['Intent token Jaccard similarity 0.88 > 0.85 threshold.']
job_0061 [X3]: ['Intent token Jaccard similarity 0.88 > 0.85 threshold.']
job_0061 [X3]: ['Intent token Jaccard similarity 0.88 > 0.85 threshold.']
job_0061 [X3]: ['Intent token Jaccard similarity 0.88 > 0.85 threshold.']
job_0061 [X3]: ['Intent token Jaccard similarity 0.88 > 0.85 threshold.']
job_0062 [X3]: ['Intent token Jaccard similarity 0.88 > 0.85 threshold.']
job_0062 [X3]: ['Intent token Jaccard similarity 0.88 > 0.85 threshold.']
job_0062 [X3]: ['Intent token Jaccard similarity 0.88 > 0.85 threshold.']
job_0062 [X3]: ['Intent token Jaccard similarity 0.88 > 0.85 threshold.']
job_0063 [X3]: ['Intent token Jaccard similarity 0.88 > 0.85 threshold.']
job_0063 [X3]: ['Intent token Jaccard similarity 0.88 > 0.85 threshold.']
job_0063 [X3]: ['Intent token Jaccard similarity 0.88 > 0.85 threshold.']
job_0063 [X3]: ['Intent token Jaccard similarity 0.88 > 0.85 threshold.']
job_0064 [X3]: ['Intent token Jaccard similarity 0.88 > 0.85 threshold.']
job_0064 [X3]: ['Intent token Jaccard similarity 0.88 > 0.85 threshold.']
job_0064 [X3]: ['Intent token Jaccard similarity 0.88 > 0.85 threshold.']
job_0064 [X3]: ['Intent token Jaccard similarity 0.88 > 0.85 threshold.']
job_0065 [X3]: ['Intent token Jaccard similarity 0.88 > 0.85 threshold.']
job_0065 [X3]: ['Intent token Jaccard similarity 0.88 > 0.85 threshold.']
job_0065 [X3]: ['Intent token Jaccard similarity 0.88 > 0.85 threshold.']
job_0065 [X3]: ['Intent token Jaccard similarity 0.88 > 0.85 threshold.']
job_0066 [X3]: ['Intent token Jaccard similarity 0.88 > 0.85 threshold.']
job_0066 [X3]: ['Intent token Jaccard similarity 0.88 > 0.85 threshold.']
job_0066 [X3]: ['Intent token Jaccard similarity 0.88 > 0.85 threshold.']
job_0066 [X3]: ['Intent token Jaccard similarity 0.88 > 0.85 threshold.']
job_0067 [X3]: ['Intent token Jaccard similarity 0.88 > 0.85 threshold.']
job_0067 [X3]: ['Intent token Jaccard similarity 0.88 > 0.85 threshold.']
job_0067 [X3]: ['Intent token Jaccard similarity 0.88 > 0.85 threshold.']
job_0067 [X3]: ['Intent token Jaccard similarity 0.88 > 0.85 threshold.']
job_0068 [X3]: ['Intent token Jaccard similarity 0.88 > 0.85 threshold.']
job_0068 [X3]: ['Intent token Jaccard similarity 0.88 > 0.85 threshold.']
job_0068 [X3]: ['Intent token Jaccard similarity 0.88 > 0.85 threshold.']
job_0068 [X3]: ['Intent token Jaccard similarity 0.88 > 0.85 threshold.']
job_0069 [X3]: ['Intent token Jaccard similarity 0.88 > 0.85 threshold.']
job_0069 [X3]: ['Intent token Jaccard similarity 0.88 > 0.85 threshold.']
job_0069 [X3]: ['Intent token Jaccard similarity 0.88 > 0.85 threshold.']
job_0069 [X3]: ['Intent token Jaccard similarity 0.88 > 0.85 threshold.']
job_0070 [X3]: ['Intent token Jaccard similarity 0.88 > 0.85 threshold.']
job_0070 [X3]: ['Intent token Jaccard similarity 0.88 > 0.85 threshold.']
job_0070 [X3]: ['Intent token Jaccard similarity 0.88 > 0.85 threshold.']
job_0070 [X3]: ['Intent token Jaccard similarity 0.88 > 0.85 threshold.']
job_0071 [X3]: ['Intent token Jaccard similarity 0.88 > 0.85 threshold.']
job_0071 [X3]: ['Intent token Jaccard similarity 0.88 > 0.85 threshold.']
job_0071 [X3]: ['Intent token Jaccard similarity 0.88 > 0.85 threshold.']
job_0071 [X3]: ['Intent token Jaccard similarity 0.88 > 0.85 threshold.']
job_0072 [X3]: ['Intent token Jaccard similarity 0.88 > 0.85 threshold.']
job_0072 [X3]: ['Intent token Jaccard similarity 0.88 > 0.85 threshold.']
job_0072 [X3]: ['Intent token Jaccard similarity 0.88 > 0.85 threshold.']
job_0072 [X3]: ['Intent token Jaccard similarity 0.88 > 0.85 threshold.']
job_0073 [X3]: ['Intent token Jaccard similarity 0.88 > 0.85 threshold.']
job_0073 [X3]: ['Intent token Jaccard similarity 0.88 > 0.85 threshold.']
job_0073 [X3]: ['Intent token Jaccard similarity 0.88 > 0.85 threshold.']
job_0073 [X3]: ['Intent token Jaccard similarity 0.88 > 0.85 threshold.']
job_0074 [X3]: ['Intent token Jaccard similarity 0.88 > 0.85 threshold.']
job_0074 [X3]: ['Intent token Jaccard similarity 0.88 > 0.85 threshold.']
job_0074 [X3]: ['Intent token Jaccard similarity 0.88 > 0.85 threshold.']
job_0074 [X3]: ['Intent token Jaccard similarity 0.88 > 0.85 threshold.']
job_0075 [X3]: ['Intent token Jaccard similarity 0.88 > 0.85 threshold.']
job_0075 [X3]: ['Intent token Jaccard similarity 0.88 > 0.85 threshold.']
job_0075 [X3]: ['Intent token Jaccard similarity 0.88 > 0.85 threshold.']
job_0075 [X3]: ['Intent token Jaccard similarity 0.88 > 0.85 threshold.']
job_0076 [X3]: ['Intent token Jaccard similarity 0.88 > 0.85 threshold.']
job_0076 [X3]: ['Intent token Jaccard similarity 0.88 > 0.85 threshold.']
job_0076 [X3]: ['Intent token Jaccard similarity 0.88 > 0.85 threshold.']
job_0076 [X3]: ['Intent token Jaccard similarity 0.88 > 0.85 threshold.']
job_0077 [X3]: ['Intent token Jaccard similarity 0.88 > 0.85 threshold.']
job_0077 [X3]: ['Intent token Jaccard similarity 0.88 > 0.85 threshold.']
job_0077 [X3]: ['Intent token Jaccard similarity 0.88 > 0.85 threshold.']
job_0077 [X3]: ['Intent token Jaccard similarity 0.88 > 0.85 threshold.']
job_0078 [X3]: ['Intent token Jaccard similarity 0.88 > 0.85 threshold.']
job_0078 [X3]: ['Intent token Jaccard similarity 0.88 > 0.85 threshold.']
job_0078 [X3]: ['Intent token Jaccard similarity 0.88 > 0.85 threshold.']
job_0078 [X3]: ['Intent token Jaccard similarity 0.88 > 0.85 threshold.']
job_0079 [X3]: ['Intent token Jaccard similarity 0.88 > 0.85 threshold.']
job_0079 [X3]: ['Intent token Jaccard similarity 0.88 > 0.85 threshold.']
job_0079 [X3]: ['Intent token Jaccard similarity 0.88 > 0.85 threshold.']
job_0079 [X3]: ['Intent token Jaccard similarity 0.88 > 0.85 threshold.']
job_0080 [X3]: ['Intent token Jaccard similarity 0.88 > 0.85 threshold.']
job_0080 [X3]: ['Intent token Jaccard similarity 0.88 > 0.85 threshold.']
job_0080 [X3]: ['Intent token Jaccard similarity 0.88 > 0.85 threshold.']
job_0080 [X3]: ['Intent token Jaccard similarity 0.88 > 0.85 threshold.']
job_0083 [X4]: ['Intent token Jaccard similarity 0.86 > 0.85 threshold.']
job_0083 [X4]: ['Intent token Jaccard similarity 0.86 > 0.85 threshold.']
job_0083 [X4]: ['Intent token Jaccard similarity 0.86 > 0.85 threshold.']
job_0083 [X4]: ['Intent token Jaccard similarity 0.86 > 0.85 threshold.']
job_0084 [X4]: ['Intent token Jaccard similarity 0.86 > 0.85 threshold.']
job_0084 [X4]: ['Intent token Jaccard similarity 0.86 > 0.85 threshold.']
job_0084 [X4]: ['Intent token Jaccard similarity 0.86 > 0.85 threshold.']
job_0084 [X4]: ['Intent token Jaccard similarity 0.86 > 0.85 threshold.']
job_0085 [X4]: ['Intent token Jaccard similarity 0.86 > 0.85 threshold.']
job_0085 [X4]: ['Intent token Jaccard similarity 0.86 > 0.85 threshold.']
job_0085 [X4]: ['Intent token Jaccard similarity 0.86 > 0.85 threshold.']
job_0085 [X4]: ['Intent token Jaccard similarity 0.86 > 0.85 threshold.']
job_0086 [X4]: ['Intent token Jaccard similarity 0.86 > 0.85 threshold.']
job_0086 [X4]: ['Intent token Jaccard similarity 0.86 > 0.85 threshold.']
job_0086 [X4]: ['Intent token Jaccard similarity 0.86 > 0.85 threshold.']
job_0086 [X4]: ['Intent token Jaccard similarity 0.86 > 0.85 threshold.']
job_0087 [X4]: ['Intent token Jaccard similarity 0.86 > 0.85 threshold.']
job_0087 [X4]: ['Intent token Jaccard similarity 0.86 > 0.85 threshold.']
job_0087 [X4]: ['Intent token Jaccard similarity 0.86 > 0.85 threshold.']
job_0087 [X4]: ['Intent token Jaccard similarity 0.86 > 0.85 threshold.']
job_0088 [X4]: ['Intent token Jaccard similarity 0.86 > 0.85 threshold.']
job_0088 [X4]: ['Intent token Jaccard similarity 0.86 > 0.85 threshold.']
job_0088 [X4]: ['Intent token Jaccard similarity 0.86 > 0.85 threshold.']
job_0088 [X4]: ['Intent token Jaccard similarity 0.86 > 0.85 threshold.']
job_0089 [X4]: ['Intent token Jaccard similarity 0.86 > 0.85 threshold.']
job_0089 [X4]: ['Intent token Jaccard similarity 0.86 > 0.85 threshold.']
job_0089 [X4]: ['Intent token Jaccard similarity 0.86 > 0.85 threshold.']
job_0089 [X4]: ['Intent token Jaccard similarity 0.86 > 0.85 threshold.']
job_0090 [X4]: ['Intent token Jaccard similarity 0.86 > 0.85 threshold.']
job_0090 [X4]: ['Intent token Jaccard similarity 0.86 > 0.85 threshold.']
job_0090 [X4]: ['Intent token Jaccard similarity 0.86 > 0.85 threshold.']
job_0090 [X4]: ['Intent token Jaccard similarity 0.86 > 0.85 threshold.']
job_0091 [X4]: ['Intent token Jaccard similarity 0.86 > 0.85 threshold.']
job_0091 [X4]: ['Intent token Jaccard similarity 0.86 > 0.85 threshold.']
job_0091 [X4]: ['Intent token Jaccard similarity 0.86 > 0.85 threshold.']
job_0091 [X4]: ['Intent token Jaccard similarity 0.86 > 0.85 threshold.']
job_0092 [X4]: ['Intent token Jaccard similarity 0.86 > 0.85 threshold.']
job_0092 [X4]: ['Intent token Jaccard similarity 0.86 > 0.85 threshold.']
job_0092 [X4]: ['Intent token Jaccard similarity 0.86 > 0.85 threshold.']
job_0092 [X4]: ['Intent token Jaccard similarity 0.86 > 0.85 threshold.']
job_0093 [X4]: ['Intent token Jaccard similarity 0.86 > 0.85 threshold.']
job_0093 [X4]: ['Intent token Jaccard similarity 0.86 > 0.85 threshold.']
job_0093 [X4]: ['Intent token Jaccard similarity 0.86 > 0.85 threshold.']
job_0093 [X4]: ['Intent token Jaccard similarity 0.86 > 0.85 threshold.']
job_0094 [X4]: ['Intent token Jaccard similarity 0.86 > 0.85 threshold.']
job_0094 [X4]: ['Intent token Jaccard similarity 0.86 > 0.85 threshold.']
job_0094 [X4]: ['Intent token Jaccard similarity 0.86 > 0.85 threshold.']
job_0094 [X4]: ['Intent token Jaccard similarity 0.86 > 0.85 threshold.']
job_0095 [X4]: ['Intent token Jaccard similarity 0.86 > 0.85 threshold.']
job_0095 [X4]: ['Intent token Jaccard similarity 0.86 > 0.85 threshold.']
job_0095 [X4]: ['Intent token Jaccard similarity 0.86 > 0.85 threshold.']
job_0095 [X4]: ['Intent token Jaccard similarity 0.86 > 0.85 threshold.']
job_0096 [X4]: ['Intent token Jaccard similarity 0.86 > 0.85 threshold.']
job_0096 [X4]: ['Intent token Jaccard similarity 0.86 > 0.85 threshold.']
job_0096 [X4]: ['Intent token Jaccard similarity 0.86 > 0.85 threshold.']
job_0096 [X4]: ['Intent token Jaccard similarity 0.86 > 0.85 threshold.']
job_0097 [X4]: ['Intent token Jaccard similarity 0.86 > 0.85 threshold.']
job_0097 [X4]: ['Intent token Jaccard similarity 0.86 > 0.85 threshold.']
job_0097 [X4]: ['Intent token Jaccard similarity 0.86 > 0.85 threshold.']
job_0097 [X4]: ['Intent token Jaccard similarity 0.86 > 0.85 threshold.']
job_0098 [X4]: ['Intent token Jaccard similarity 0.86 > 0.85 threshold.']
job_0098 [X4]: ['Intent token Jaccard similarity 0.86 > 0.85 threshold.']
job_0098 [X4]: ['Intent token Jaccard similarity 0.86 > 0.85 threshold.']
job_0098 [X4]: ['Intent token Jaccard similarity 0.86 > 0.85 threshold.']
job_0099 [X4]: ['Intent token Jaccard similarity 0.86 > 0.85 threshold.']
job_0099 [X4]: ['Intent token Jaccard similarity 0.86 > 0.85 threshold.']
job_0099 [X4]: ['Intent token Jaccard similarity 0.86 > 0.85 threshold.']
job_0099 [X4]: ['Intent token Jaccard similarity 0.86 > 0.85 threshold.']
job_0100 [X4]: ['Intent token Jaccard similarity 0.86 > 0.85 threshold.']
job_0100 [X4]: ['Intent token Jaccard similarity 0.86 > 0.85 threshold.']
job_0100 [X4]: ['Intent token Jaccard similarity 0.86 > 0.85 threshold.']
job_0100 [X4]: ['Intent token Jaccard similarity 0.86 > 0.85 threshold.']
job_0102 [X5]: ['Intent token Jaccard similarity 0.88 > 0.85 threshold.']
job_0102 [X5]: ['Intent token Jaccard similarity 0.88 > 0.85 threshold.']
job_0102 [X5]: ['Intent token Jaccard similarity 0.88 > 0.85 threshold.']
job_0102 [X5]: ['Intent token Jaccard similarity 0.88 > 0.85 threshold.']
job_0103 [X5]: ['Intent token Jaccard similarity 0.88 > 0.85 threshold.']
job_0103 [X5]: ['Intent token Jaccard similarity 0.88 > 0.85 threshold.']
job_0103 [X5]: ['Intent token Jaccard similarity 0.88 > 0.85 threshold.']
job_0103 [X5]: ['Intent token Jaccard similarity 0.88 > 0.85 threshold.']
job_0104 [X5]: ['Intent token Jaccard similarity 0.88 > 0.85 threshold.']
job_0104 [X5]: ['Intent token Jaccard similarity 0.88 > 0.85 threshold.']
job_0104 [X5]: ['Intent token Jaccard similarity 0.88 > 0.85 threshold.']
job_0104 [X5]: ['Intent token Jaccard similarity 0.88 > 0.85 threshold.']
job_0105 [X5]: ['Intent token Jaccard similarity 0.88 > 0.85 threshold.']
job_0105 [X5]: ['Intent token Jaccard similarity 0.88 > 0.85 threshold.']
job_0105 [X5]: ['Intent token Jaccard similarity 0.88 > 0.85 threshold.']
job_0105 [X5]: ['Intent token Jaccard similarity 0.88 > 0.85 threshold.']
job_0106 [X5]: ['Intent token Jaccard similarity 0.88 > 0.85 threshold.']
job_0106 [X5]: ['Intent token Jaccard similarity 0.88 > 0.85 threshold.']
job_0106 [X5]: ['Intent token Jaccard similarity 0.88 > 0.85 threshold.']
job_0106 [X5]: ['Intent token Jaccard similarity 0.88 > 0.85 threshold.']
job_0107 [X5]: ['Intent token Jaccard similarity 0.88 > 0.85 threshold.']
job_0107 [X5]: ['Intent token Jaccard similarity 0.88 > 0.85 threshold.']
job_0107 [X5]: ['Intent token Jaccard similarity 0.88 > 0.85 threshold.']
job_0107 [X5]: ['Intent token Jaccard similarity 0.88 > 0.85 threshold.']
job_0108 [X5]: ['Intent token Jaccard similarity 0.88 > 0.85 threshold.']
job_0108 [X5]: ['Intent token Jaccard similarity 0.88 > 0.85 threshold.']
job_0108 [X5]: ['Intent token Jaccard similarity 0.88 > 0.85 threshold.']
job_0108 [X5]: ['Intent token Jaccard similarity 0.88 > 0.85 threshold.']
job_0109 [X5]: ['Intent token Jaccard similarity 0.88 > 0.85 threshold.']
job_0109 [X5]: ['Intent token Jaccard similarity 0.88 > 0.85 threshold.']
job_0109 [X5]: ['Intent token Jaccard similarity 0.88 > 0.85 threshold.']
job_0109 [X5]: ['Intent token Jaccard similarity 0.88 > 0.85 threshold.']
job_0110 [X5]: ['Intent token Jaccard similarity 0.88 > 0.85 threshold.']
job_0110 [X5]: ['Intent token Jaccard similarity 0.88 > 0.85 threshold.']
job_0110 [X5]: ['Intent token Jaccard similarity 0.88 > 0.85 threshold.']
job_0110 [X5]: ['Intent token Jaccard similarity 0.88 > 0.85 threshold.']
job_0111 [X5]: ['Intent token Jaccard similarity 0.88 > 0.85 threshold.']
job_0111 [X5]: ['Intent token Jaccard similarity 0.88 > 0.85 threshold.']
job_0111 [X5]: ['Intent token Jaccard similarity 0.88 > 0.85 threshold.']
job_0111 [X5]: ['Intent token Jaccard similarity 0.88 > 0.85 threshold.']
job_0112 [X5]: ['Intent token Jaccard similarity 0.88 > 0.85 threshold.']
job_0112 [X5]: ['Intent token Jaccard similarity 0.88 > 0.85 threshold.']
job_0112 [X5]: ['Intent token Jaccard similarity 0.88 > 0.85 threshold.']
job_0112 [X5]: ['Intent token Jaccard similarity 0.88 > 0.85 threshold.']
job_0113 [X5]: ['Intent token Jaccard similarity 0.88 > 0.85 threshold.']
job_0113 [X5]: ['Intent token Jaccard similarity 0.88 > 0.85 threshold.']
job_0113 [X5]: ['Intent token Jaccard similarity 0.88 > 0.85 threshold.']
job_0113 [X5]: ['Intent token Jaccard similarity 0.88 > 0.85 threshold.']
job_0114 [X5]: ['Intent token Jaccard similarity 0.88 > 0.85 threshold.']
job_0114 [X5]: ['Intent token Jaccard similarity 0.88 > 0.85 threshold.']
job_0114 [X5]: ['Intent token Jaccard similarity 0.88 > 0.85 threshold.']
job_0114 [X5]: ['Intent token Jaccard similarity 0.88 > 0.85 threshold.']
job_0115 [X5]: ['Intent token Jaccard similarity 0.88 > 0.85 threshold.']
job_0115 [X5]: ['Intent token Jaccard similarity 0.88 > 0.85 threshold.']
job_0115 [X5]: ['Intent token Jaccard similarity 0.88 > 0.85 threshold.']
job_0115 [X5]: ['Intent token Jaccard similarity 0.88 > 0.85 threshold.']
job_0116 [X5]: ['Intent token Jaccard similarity 0.88 > 0.85 threshold.']
job_0116 [X5]: ['Intent token Jaccard similarity 0.88 > 0.85 threshold.']
job_0116 [X5]: ['Intent token Jaccard similarity 0.88 > 0.85 threshold.']
job_0116 [X5]: ['Intent token Jaccard similarity 0.88 > 0.85 threshold.']
job_0117 [X5]: ['Intent token Jaccard similarity 0.88 > 0.85 threshold.']
job_0117 [X5]: ['Intent token Jaccard similarity 0.88 > 0.85 threshold.']
job_0117 [X5]: ['Intent token Jaccard similarity 0.88 > 0.85 threshold.']
job_0117 [X5]: ['Intent token Jaccard similarity 0.88 > 0.85 threshold.']
job_0118 [X5]: ['Duplicate normalized intent detected.']
job_0118 [X5]: ['Duplicate normalized intent detected.']
job_0118 [X5]: ['Duplicate normalized intent detected.']
job_0118 [X5]: ['Duplicate normalized intent detected.']
job_0119 [X5]: ['Intent token Jaccard similarity 0.88 > 0.85 threshold.']
job_0119 [X5]: ['Intent token Jaccard similarity 0.88 > 0.85 threshold.']
job_0119 [X5]: ['Intent token Jaccard similarity 0.88 > 0.85 threshold.']
job_0119 [X5]: ['Intent token Jaccard similarity 0.88 > 0.85 threshold.']
job_0120 [X5]: ['Intent token Jaccard similarity 0.88 > 0.85 threshold.']
job_0120 [X5]: ['Intent token Jaccard similarity 0.88 > 0.85 threshold.']
job_0120 [X5]: ['Intent token Jaccard similarity 0.88 > 0.85 threshold.']
job_0120 [X5]: ['Intent token Jaccard similarity 0.88 > 0.85 threshold.']
job_0121 [X5]: ['Intent token Jaccard similarity 0.88 > 0.85 threshold.']
job_0121 [X5]: ['Intent token Jaccard similarity 0.88 > 0.85 threshold.']
job_0121 [X5]: ['Intent token Jaccard similarity 0.88 > 0.85 threshold.']
job_0121 [X5]: ['Intent token Jaccard similarity 0.88 > 0.85 threshold.']
job_0122 [X5]: ['Intent token Jaccard similarity 0.88 > 0.85 threshold.']
job_0122 [X5]: ['Intent token Jaccard similarity 0.88 > 0.85 threshold.']
job_0122 [X5]: ['Intent token Jaccard similarity 0.88 > 0.85 threshold.']
job_0122 [X5]: ['Intent token Jaccard similarity 0.88 > 0.85 threshold.']
job_0123 [X5]: ['Duplicate normalized intent detected.']
job_0123 [X5]: ['Duplicate normalized intent detected.']
job_0123 [X5]: ['Duplicate normalized intent detected.']
job_0123 [X5]: ['Duplicate normalized intent detected.']
job_0124 [X5]: ['Intent token Jaccard similarity 0.88 > 0.85 threshold.']
job_0124 [X5]: ['Intent token Jaccard similarity 0.88 > 0.85 threshold.']
job_0124 [X5]: ['Intent token Jaccard similarity 0.88 > 0.85 threshold.']
job_0124 [X5]: ['Intent token Jaccard similarity 0.88 > 0.85 threshold.']
job_0125 [X5]: ['Intent token Jaccard similarity 0.88 > 0.85 threshold.']
job_0125 [X5]: ['Intent token Jaccard similarity 0.88 > 0.85 threshold.']
job_0125 [X5]: ['Intent token Jaccard similarity 0.88 > 0.85 threshold.']
job_0125 [X5]: ['Intent token Jaccard similarity 0.88 > 0.85 threshold.']
job_0128 [X6]: ['Intent token Jaccard similarity 0.88 > 0.85 threshold.']
job_0128 [X6]: ['Intent token Jaccard similarity 0.88 > 0.85 threshold.']
job_0128 [X6]: ['Intent token Jaccard similarity 0.88 > 0.85 threshold.']
job_0128 [X6]: ['Intent token Jaccard similarity 0.88 > 0.85 threshold.']
job_0129 [X6]: ['Intent token Jaccard similarity 0.88 > 0.85 threshold.']
job_0129 [X6]: ['Intent token Jaccard similarity 0.88 > 0.85 threshold.']
job_0129 [X6]: ['Intent token Jaccard similarity 0.88 > 0.85 threshold.']
job_0129 [X6]: ['Intent token Jaccard similarity 0.88 > 0.85 threshold.']
job_0130 [X6]: ['Intent token Jaccard similarity 0.88 > 0.85 threshold.']
job_0130 [X6]: ['Intent token Jaccard similarity 0.88 > 0.85 threshold.']
job_0130 [X6]: ['Intent token Jaccard similarity 0.88 > 0.85 threshold.']
job_0130 [X6]: ['Intent token Jaccard similarity 0.88 > 0.85 threshold.']
job_0131 [X6]: ['Duplicate normalized intent detected.']
job_0131 [X6]: ['Duplicate normalized intent detected.']
job_0131 [X6]: ['Duplicate normalized intent detected.']
job_0131 [X6]: ['Duplicate normalized intent detected.']
job_0132 [X6]: ['Intent token Jaccard similarity 0.88 > 0.85 threshold.']
job_0132 [X6]: ['Intent token Jaccard similarity 0.88 > 0.85 threshold.']
job_0132 [X6]: ['Intent token Jaccard similarity 0.88 > 0.85 threshold.']
job_0132 [X6]: ['Intent token Jaccard similarity 0.88 > 0.85 threshold.']
job_0133 [X6]: ['Intent token Jaccard similarity 0.88 > 0.85 threshold.']
job_0133 [X6]: ['Intent token Jaccard similarity 0.88 > 0.85 threshold.']
job_0133 [X6]: ['Intent token Jaccard similarity 0.88 > 0.85 threshold.']
job_0133 [X6]: ['Intent token Jaccard similarity 0.88 > 0.85 threshold.']
job_0134 [X6]: ['Intent token Jaccard similarity 0.88 > 0.85 threshold.']
job_0134 [X6]: ['Intent token Jaccard similarity 0.88 > 0.85 threshold.']
job_0134 [X6]: ['Intent token Jaccard similarity 0.88 > 0.85 threshold.']
job_0134 [X6]: ['Intent token Jaccard similarity 0.88 > 0.85 threshold.']
job_0135 [X6]: ['Intent token Jaccard similarity 0.88 > 0.85 threshold.']
job_0135 [X6]: ['Intent token Jaccard similarity 0.88 > 0.85 threshold.']
job_0135 [X6]: ['Intent token Jaccard similarity 0.88 > 0.85 threshold.']
job_0135 [X6]: ['Intent token Jaccard similarity 0.88 > 0.85 threshold.']
job_0136 [X6]: ['Intent token Jaccard similarity 0.88 > 0.85 threshold.']
job_0136 [X6]: ['Intent token Jaccard similarity 0.88 > 0.85 threshold.']
job_0136 [X6]: ['Intent token Jaccard similarity 0.88 > 0.85 threshold.']
job_0136 [X6]: ['Intent token Jaccard similarity 0.88 > 0.85 threshold.']
job_0137 [X6]: ['Intent token Jaccard similarity 0.88 > 0.85 threshold.']
job_0137 [X6]: ['Intent token Jaccard similarity 0.88 > 0.85 threshold.']
job_0137 [X6]: ['Intent token Jaccard similarity 0.88 > 0.85 threshold.']
job_0137 [X6]: ['Intent token Jaccard similarity 0.88 > 0.85 threshold.']
job_0138 [X6]: ['Intent token Jaccard similarity 0.88 > 0.85 threshold.']
job_0138 [X6]: ['Intent token Jaccard similarity 0.88 > 0.85 threshold.']
job_0138 [X6]: ['Intent token Jaccard similarity 0.88 > 0.85 threshold.']
job_0138 [X6]: ['Intent token Jaccard similarity 0.88 > 0.85 threshold.']
job_0139 [X6]: ['Intent token Jaccard similarity 0.88 > 0.85 threshold.']
job_0139 [X6]: ['Intent token Jaccard similarity 0.88 > 0.85 threshold.']
job_0139 [X6]: ['Intent token Jaccard similarity 0.88 > 0.85 threshold.']
job_0139 [X6]: ['Intent token Jaccard similarity 0.88 > 0.85 threshold.']
job_0140 [X6]: ['Intent token Jaccard similarity 0.88 > 0.85 threshold.']
job_0140 [X6]: ['Intent token Jaccard similarity 0.88 > 0.85 threshold.']
job_0140 [X6]: ['Intent token Jaccard similarity 0.88 > 0.85 threshold.']
job_0140 [X6]: ['Intent token Jaccard similarity 0.88 > 0.85 threshold.']
job_0141 [X6]: ['Intent token Jaccard similarity 0.88 > 0.85 threshold.']
job_0141 [X6]: ['Intent token Jaccard similarity 0.88 > 0.85 threshold.']
job_0141 [X6]: ['Intent token Jaccard similarity 0.88 > 0.85 threshold.']
job_0141 [X6]: ['Intent token Jaccard similarity 0.88 > 0.85 threshold.']
job_0142 [X6]: ['Intent token Jaccard similarity 0.88 > 0.85 threshold.']
job_0142 [X6]: ['Intent token Jaccard similarity 0.88 > 0.85 threshold.']
job_0142 [X6]: ['Intent token Jaccard similarity 0.88 > 0.85 threshold.']
job_0142 [X6]: ['Intent token Jaccard similarity 0.88 > 0.85 threshold.']
job_0143 [X6]: ['Duplicate normalized intent detected.']
job_0143 [X6]: ['Duplicate normalized intent detected.']
job_0143 [X6]: ['Duplicate normalized intent detected.']
job_0143 [X6]: ['Duplicate normalized intent detected.']
job_0144 [X6]: ['Duplicate normalized intent detected.']
job_0144 [X6]: ['Duplicate normalized intent detected.']
job_0144 [X6]: ['Duplicate normalized intent detected.']
job_0144 [X6]: ['Duplicate normalized intent detected.']
job_0145 [X6]: ['Duplicate normalized intent detected.']
job_0145 [X6]: ['Duplicate normalized intent detected.']
job_0145 [X6]: ['Duplicate normalized intent detected.']
job_0145 [X6]: ['Duplicate normalized intent detected.']
job_0148 [X7]: ['Duplicate normalized intent detected.']
job_0148 [X7]: ['Duplicate normalized intent detected.']
job_0148 [X7]: ['Duplicate normalized intent detected.']
job_0148 [X7]: ['Duplicate normalized intent detected.']
job_0149 [X7]: ['Duplicate normalized intent detected.']
job_0149 [X7]: ['Duplicate normalized intent detected.']
job_0149 [X7]: ['Duplicate normalized intent detected.']
job_0149 [X7]: ['Duplicate normalized intent detected.']
job_0150 [X7]: ['Duplicate normalized intent detected.']
job_0150 [X7]: ['Duplicate normalized intent detected.']
job_0150 [X7]: ['Duplicate normalized intent detected.']
job_0150 [X7]: ['Duplicate normalized intent detected.']
job_0151 [X7]: ['Duplicate normalized intent detected.']
job_0151 [X7]: ['Duplicate normalized intent detected.']
job_0151 [X7]: ['Duplicate normalized intent detected.']
job_0151 [X7]: ['Duplicate normalized intent detected.']
job_0152 [X7]: ['Duplicate normalized intent detected.']
job_0152 [X7]: ['Duplicate normalized intent detected.']
job_0152 [X7]: ['Duplicate normalized intent detected.']
job_0152 [X7]: ['Duplicate normalized intent detected.']
job_0153 [X7]: ['Duplicate normalized intent detected.']
job_0153 [X7]: ['Duplicate normalized intent detected.']
job_0153 [X7]: ['Duplicate normalized intent detected.']
job_0153 [X7]: ['Duplicate normalized intent detected.']
job_0154 [X7]: ['Duplicate normalized intent detected.']
job_0154 [X7]: ['Duplicate normalized intent detected.']
job_0154 [X7]: ['Duplicate normalized intent detected.']
job_0154 [X7]: ['Duplicate normalized intent detected.']
job_0155 [X7]: ['Duplicate normalized intent detected.']
job_0155 [X7]: ['Duplicate normalized intent detected.']
job_0155 [X7]: ['Duplicate normalized intent detected.']
job_0155 [X7]: ['Duplicate normalized intent detected.']
job_0156 [X7]: ['Duplicate normalized intent detected.']
job_0156 [X7]: ['Duplicate normalized intent detected.']
job_0156 [X7]: ['Duplicate normalized intent detected.']
job_0156 [X7]: ['Duplicate normalized intent detected.']
job_0157 [X7]: ['Duplicate normalized intent detected.']
job_0157 [X7]: ['Duplicate normalized intent detected.']
job_0157 [X7]: ['Duplicate normalized intent detected.']
job_0157 [X7]: ['Duplicate normalized intent detected.']
job_0158 [X7]: ['Duplicate normalized intent detected.']
job_0158 [X7]: ['Duplicate normalized intent detected.']
job_0158 [X7]: ['Duplicate normalized intent detected.']
job_0158 [X7]: ['Duplicate normalized intent detected.']
job_0159 [X7]: ['Duplicate normalized intent detected.']
job_0159 [X7]: ['Duplicate normalized intent detected.']
job_0159 [X7]: ['Duplicate normalized intent detected.']
job_0159 [X7]: ['Duplicate normalized intent detected.']
job_0160 [X7]: ['Duplicate normalized intent detected.']
job_0160 [X7]: ['Duplicate normalized intent detected.']
job_0160 [X7]: ['Duplicate normalized intent detected.']
job_0160 [X7]: ['Duplicate normalized intent detected.']
job_0167 [X8]: ['Intent token Jaccard similarity 0.89 > 0.85 threshold.']
job_0167 [X8]: ['Intent token Jaccard similarity 0.89 > 0.85 threshold.']
job_0167 [X8]: ['Intent token Jaccard similarity 0.89 > 0.85 threshold.']
job_0167 [X8]: ['Intent token Jaccard similarity 0.89 > 0.85 threshold.']
job_0173 [X9]: ['Duplicate normalized intent detected.']
job_0173 [X9]: ['Duplicate normalized intent detected.']
job_0173 [X9]: ['Duplicate normalized intent detected.']
job_0173 [X9]: ['Duplicate normalized intent detected.']
job_0174 [X9]: ['Duplicate normalized intent detected.']
job_0174 [X9]: ['Duplicate normalized intent detected.']
job_0174 [X9]: ['Duplicate normalized intent detected.']
job_0174 [X9]: ['Duplicate normalized intent detected.']
job_0175 [X9]: ['Duplicate normalized intent detected.']
job_0175 [X9]: ['Duplicate normalized intent detected.']
job_0175 [X9]: ['Duplicate normalized intent detected.']
job_0175 [X9]: ['Duplicate normalized intent detected.']
job_0176 [X9]: ['Duplicate normalized intent detected.']
job_0176 [X9]: ['Duplicate normalized intent detected.']
job_0176 [X9]: ['Duplicate normalized intent detected.']
job_0176 [X9]: ['Duplicate normalized intent detected.']
job_0177 [X9]: ['Duplicate normalized intent detected.']
job_0177 [X9]: ['Duplicate normalized intent detected.']
job_0177 [X9]: ['Duplicate normalized intent detected.']
job_0177 [X9]: ['Duplicate normalized intent detected.']
job_0178 [X9]: ['Duplicate normalized intent detected.']
job_0178 [X9]: ['Duplicate normalized intent detected.']
job_0178 [X9]: ['Duplicate normalized intent detected.']
job_0178 [X9]: ['Duplicate normalized intent detected.']
job_0179 [X9]: ['Duplicate normalized intent detected.']
job_0179 [X9]: ['Duplicate normalized intent detected.']
job_0179 [X9]: ['Duplicate normalized intent detected.']
job_0179 [X9]: ['Duplicate normalized intent detected.']
job_0180 [X9]: ['Duplicate normalized intent detected.']
job_0180 [X9]: ['Duplicate normalized intent detected.']
job_0180 [X9]: ['Duplicate normalized intent detected.']
job_0180 [X9]: ['Duplicate normalized intent detected.']
job_0183 [K1]: ['Duplicate normalized intent detected.']
job_0183 [K1]: ['Duplicate normalized intent detected.']
job_0183 [K1]: ['Duplicate normalized intent detected.']
job_0183 [K1]: ['Duplicate normalized intent detected.']
job_0184 [K1]: ['Duplicate normalized intent detected.']
job_0184 [K1]: ['Duplicate normalized intent detected.']
job_0184 [K1]: ['Duplicate normalized intent detected.']
job_0184 [K1]: ['Duplicate normalized intent detected.']
job_0185 [K1]: ['Duplicate normalized intent detected.']
job_0185 [K1]: ['Duplicate normalized intent detected.']
job_0185 [K1]: ['Duplicate normalized intent detected.']
job_0185 [K1]: ['Duplicate normalized intent detected.']
job_0186 [K1]: ['Duplicate normalized intent detected.']
job_0186 [K1]: ['Duplicate normalized intent detected.']
job_0186 [K1]: ['Duplicate normalized intent detected.']
job_0186 [K1]: ['Duplicate normalized intent detected.']
job_0187 [K1]: ['Duplicate normalized intent detected.']
job_0187 [K1]: ['Duplicate normalized intent detected.']
job_0187 [K1]: ['Duplicate normalized intent detected.']
job_0187 [K1]: ['Duplicate normalized intent detected.']
job_0188 [K1]: ['Duplicate normalized intent detected.']
job_0188 [K1]: ['Duplicate normalized intent detected.']
job_0188 [K1]: ['Duplicate normalized intent detected.']
job_0188 [K1]: ['Duplicate normalized intent detected.']
job_0189 [K1]: ['Duplicate normalized intent detected.']
job_0189 [K1]: ['Duplicate normalized intent detected.']
job_0189 [K1]: ['Duplicate normalized intent detected.']
job_0189 [K1]: ['Duplicate normalized intent detected.']
job_0190 [K1]: ['Duplicate normalized intent detected.']
job_0190 [K1]: ['Duplicate normalized intent detected.']
job_0190 [K1]: ['Duplicate normalized intent detected.']
job_0190 [K1]: ['Duplicate normalized intent detected.']
job_0191 [K1]: ['Duplicate normalized intent detected.']
job_0191 [K1]: ['Duplicate normalized intent detected.']
job_0191 [K1]: ['Duplicate normalized intent detected.']
job_0191 [K1]: ['Duplicate normalized intent detected.']
job_0192 [K1]: ['Duplicate normalized intent detected.']
job_0192 [K1]: ['Duplicate normalized intent detected.']
job_0192 [K1]: ['Duplicate normalized intent detected.']
job_0192 [K1]: ['Duplicate normalized intent detected.']
job_0193 [K1]: ['Duplicate normalized intent detected.']
job_0193 [K1]: ['Duplicate normalized intent detected.']
job_0193 [K1]: ['Duplicate normalized intent detected.']
job_0193 [K1]: ['Duplicate normalized intent detected.']
job_0194 [K1]: ['Duplicate normalized intent detected.']
job_0194 [K1]: ['Duplicate normalized intent detected.']
job_0194 [K1]: ['Duplicate normalized intent detected.']
job_0194 [K1]: ['Duplicate normalized intent detected.']
job_0195 [K1]: ['Duplicate normalized intent detected.']
job_0195 [K1]: ['Duplicate normalized intent detected.']
job_0195 [K1]: ['Duplicate normalized intent detected.']
job_0195 [K1]: ['Duplicate normalized intent detected.']
job_0196 [K1]: ['Duplicate normalized intent detected.']
job_0196 [K1]: ['Duplicate normalized intent detected.']
job_0196 [K1]: ['Duplicate normalized intent detected.']
job_0196 [K1]: ['Duplicate normalized intent detected.']
job_0197 [K1]: ['Duplicate normalized intent detected.']
job_0197 [K1]: ['Duplicate normalized intent detected.']
job_0197 [K1]: ['Duplicate normalized intent detected.']
job_0197 [K1]: ['Duplicate normalized intent detected.']
job_0198 [K1]: ['Duplicate normalized intent detected.']
job_0198 [K1]: ['Duplicate normalized intent detected.']
job_0198 [K1]: ['Duplicate normalized intent detected.']
job_0198 [K1]: ['Duplicate normalized intent detected.']
job_0199 [K1]: ['Duplicate normalized intent detected.']
job_0199 [K1]: ['Duplicate normalized intent detected.']
job_0199 [K1]: ['Duplicate normalized intent detected.']
job_0199 [K1]: ['Duplicate normalized intent detected.']
job_0200 [K1]: ['Duplicate normalized intent detected.']
job_0200 [K1]: ['Duplicate normalized intent detected.']
job_0200 [K1]: ['Duplicate normalized intent detected.']
job_0200 [K1]: ['Duplicate normalized intent detected.']
job_0201 [K1]: ['Duplicate normalized intent detected.']
job_0201 [K1]: ['Duplicate normalized intent detected.']
job_0201 [K1]: ['Duplicate normalized intent detected.']
job_0201 [K1]: ['Duplicate normalized intent detected.']
job_0202 [K1]: ['Duplicate normalized intent detected.']
job_0202 [K1]: ['Duplicate normalized intent detected.']
job_0202 [K1]: ['Duplicate normalized intent detected.']
job_0202 [K1]: ['Duplicate normalized intent detected.']
job_0203 [K1]: ['Duplicate normalized intent detected.']
job_0203 [K1]: ['Duplicate normalized intent detected.']
job_0203 [K1]: ['Duplicate normalized intent detected.']
job_0203 [K1]: ['Duplicate normalized intent detected.']
job_0204 [K1]: ['Duplicate normalized intent detected.']
job_0204 [K1]: ['Duplicate normalized intent detected.']
job_0204 [K1]: ['Duplicate normalized intent detected.']
job_0204 [K1]: ['Duplicate normalized intent detected.']
job_0205 [K1]: ['Duplicate normalized intent detected.']
job_0205 [K1]: ['Duplicate normalized intent detected.']
job_0205 [K1]: ['Duplicate normalized intent detected.']
job_0205 [K1]: ['Duplicate normalized intent detected.']
job_0206 [K1]: ['Duplicate normalized intent detected.']
job_0206 [K1]: ['Duplicate normalized intent detected.']
job_0206 [K1]: ['Duplicate normalized intent detected.']
job_0206 [K1]: ['Duplicate normalized intent detected.']
job_0207 [K1]: ['Duplicate normalized intent detected.']
job_0207 [K1]: ['Duplicate normalized intent detected.']
job_0207 [K1]: ['Duplicate normalized intent detected.']
job_0207 [K1]: ['Duplicate normalized intent detected.']
job_0208 [K1]: ['Duplicate normalized intent detected.']
job_0208 [K1]: ['Duplicate normalized intent detected.']
job_0208 [K1]: ['Duplicate normalized intent detected.']
job_0208 [K1]: ['Duplicate normalized intent detected.']
job_0209 [K1]: ['Duplicate normalized intent detected.']
job_0209 [K1]: ['Duplicate normalized intent detected.']
job_0209 [K1]: ['Duplicate normalized intent detected.']
job_0209 [K1]: ['Duplicate normalized intent detected.']
job_0210 [K1]: ['Duplicate normalized intent detected.']
job_0210 [K1]: ['Duplicate normalized intent detected.']
job_0210 [K1]: ['Duplicate normalized intent detected.']
job_0210 [K1]: ['Duplicate normalized intent detected.']
job_0214 [K2]: ['Intent token Jaccard similarity 0.88 > 0.85 threshold.']
job_0214 [K2]: ['Intent token Jaccard similarity 0.88 > 0.85 threshold.']
job_0214 [K2]: ['Intent token Jaccard similarity 0.88 > 0.85 threshold.']
job_0214 [K2]: ['Intent token Jaccard similarity 0.88 > 0.85 threshold.']
job_0217 [K2]: ['Duplicate normalized intent detected.']
job_0217 [K2]: ['Duplicate normalized intent detected.']
job_0217 [K2]: ['Duplicate normalized intent detected.']
job_0217 [K2]: ['Duplicate normalized intent detected.']
job_0218 [K2]: ['Duplicate normalized intent detected.']
job_0218 [K2]: ['Duplicate normalized intent detected.']
job_0218 [K2]: ['Duplicate normalized intent detected.']
job_0218 [K2]: ['Duplicate normalized intent detected.']
job_0219 [K2]: ['Intent token Jaccard similarity 0.88 > 0.85 threshold.']
job_0219 [K2]: ['Intent token Jaccard similarity 0.88 > 0.85 threshold.']
job_0219 [K2]: ['Intent token Jaccard similarity 0.88 > 0.85 threshold.']
job_0219 [K2]: ['Intent token Jaccard similarity 0.88 > 0.85 threshold.']
job_0220 [K2]: ['Duplicate normalized intent detected.']
job_0220 [K2]: ['Duplicate normalized intent detected.']
job_0220 [K2]: ['Duplicate normalized intent detected.']
job_0220 [K2]: ['Duplicate normalized intent detected.']
job_0221 [K2]: ['Duplicate normalized intent detected.']
job_0221 [K2]: ['Duplicate normalized intent detected.']
job_0221 [K2]: ['Duplicate normalized intent detected.']
job_0221 [K2]: ['Duplicate normalized intent detected.']
job_0222 [K2]: ['Intent token Jaccard similarity 0.88 > 0.85 threshold.']
job_0222 [K2]: ['Intent token Jaccard similarity 0.88 > 0.85 threshold.']
job_0222 [K2]: ['Intent token Jaccard similarity 0.88 > 0.85 threshold.']
job_0222 [K2]: ['Intent token Jaccard similarity 0.88 > 0.85 threshold.']
job_0224 [K2]: ['Intent token Jaccard similarity 0.88 > 0.85 threshold.']
job_0224 [K2]: ['Intent token Jaccard similarity 0.88 > 0.85 threshold.']
job_0224 [K2]: ['Intent token Jaccard similarity 0.88 > 0.85 threshold.']
job_0224 [K2]: ['Intent token Jaccard similarity 0.88 > 0.85 threshold.']
job_0225 [K2]: ['Intent token Jaccard similarity 0.88 > 0.85 threshold.']
job_0225 [K2]: ['Intent token Jaccard similarity 0.88 > 0.85 threshold.']
job_0225 [K2]: ['Intent token Jaccard similarity 0.88 > 0.85 threshold.']
job_0225 [K2]: ['Intent token Jaccard similarity 0.88 > 0.85 threshold.']
job_0226 [K2]: ['Intent token Jaccard similarity 0.88 > 0.85 threshold.']
job_0226 [K2]: ['Intent token Jaccard similarity 0.88 > 0.85 threshold.']
job_0226 [K2]: ['Intent token Jaccard similarity 0.88 > 0.85 threshold.']
job_0226 [K2]: ['Intent token Jaccard similarity 0.88 > 0.85 threshold.']
job_0227 [K2]: ['Intent token Jaccard similarity 0.88 > 0.85 threshold.']
job_0227 [K2]: ['Intent token Jaccard similarity 0.88 > 0.85 threshold.']
job_0227 [K2]: ['Intent token Jaccard similarity 0.88 > 0.85 threshold.']
job_0227 [K2]: ['Intent token Jaccard similarity 0.88 > 0.85 threshold.']
job_0228 [K2]: ['Intent token Jaccard similarity 0.88 > 0.85 threshold.']
job_0228 [K2]: ['Intent token Jaccard similarity 0.88 > 0.85 threshold.']
job_0228 [K2]: ['Intent token Jaccard similarity 0.88 > 0.85 threshold.']
job_0228 [K2]: ['Intent token Jaccard similarity 0.88 > 0.85 threshold.']
job_0229 [K2]: ['Duplicate normalized intent detected.']
job_0229 [K2]: ['Duplicate normalized intent detected.']
job_0229 [K2]: ['Duplicate normalized intent detected.']
job_0229 [K2]: ['Duplicate normalized intent detected.']
job_0230 [K2]: ['Intent token Jaccard similarity 0.88 > 0.85 threshold.']
job_0230 [K2]: ['Intent token Jaccard similarity 0.88 > 0.85 threshold.']
job_0230 [K2]: ['Intent token Jaccard similarity 0.88 > 0.85 threshold.']
job_0230 [K2]: ['Intent token Jaccard similarity 0.88 > 0.85 threshold.']
job_0231 [K2]: ['Intent token Jaccard similarity 0.88 > 0.85 threshold.']
job_0231 [K2]: ['Intent token Jaccard similarity 0.88 > 0.85 threshold.']
job_0231 [K2]: ['Intent token Jaccard similarity 0.88 > 0.85 threshold.']
job_0231 [K2]: ['Intent token Jaccard similarity 0.88 > 0.85 threshold.']
job_0232 [K2]: ['Intent token Jaccard similarity 0.88 > 0.85 threshold.']
job_0232 [K2]: ['Intent token Jaccard similarity 0.88 > 0.85 threshold.']
job_0232 [K2]: ['Intent token Jaccard similarity 0.88 > 0.85 threshold.']
job_0232 [K2]: ['Intent token Jaccard similarity 0.88 > 0.85 threshold.']
job_0233 [K2]: ['Duplicate normalized intent detected.']
job_0233 [K2]: ['Duplicate normalized intent detected.']
job_0233 [K2]: ['Duplicate normalized intent detected.']
job_0233 [K2]: ['Duplicate normalized intent detected.']
job_0234 [K2]: ['Intent token Jaccard similarity 0.88 > 0.85 threshold.']
job_0234 [K2]: ['Intent token Jaccard similarity 0.88 > 0.85 threshold.']
job_0234 [K2]: ['Intent token Jaccard similarity 0.88 > 0.85 threshold.']
job_0234 [K2]: ['Intent token Jaccard similarity 0.88 > 0.85 threshold.']
job_0235 [K2]: ['Intent token Jaccard similarity 0.88 > 0.85 threshold.']
job_0235 [K2]: ['Intent token Jaccard similarity 0.88 > 0.85 threshold.']
job_0235 [K2]: ['Intent token Jaccard similarity 0.88 > 0.85 threshold.']
job_0235 [K2]: ['Intent token Jaccard similarity 0.88 > 0.85 threshold.']
job_0236 [K2]: ['Duplicate normalized intent detected.']
job_0236 [K2]: ['Duplicate normalized intent detected.']
job_0236 [K2]: ['Duplicate normalized intent detected.']
job_0236 [K2]: ['Duplicate normalized intent detected.']
job_0237 [K2]: ['Intent token Jaccard similarity 0.88 > 0.85 threshold.']
job_0237 [K2]: ['Intent token Jaccard similarity 0.88 > 0.85 threshold.']
job_0237 [K2]: ['Intent token Jaccard similarity 0.88 > 0.85 threshold.']
job_0237 [K2]: ['Intent token Jaccard similarity 0.88 > 0.85 threshold.']
job_0238 [K2]: ['Duplicate normalized intent detected.']
job_0238 [K2]: ['Duplicate normalized intent detected.']
job_0238 [K2]: ['Duplicate normalized intent detected.']
job_0238 [K2]: ['Duplicate normalized intent detected.']
job_0239 [K2]: ['Intent token Jaccard similarity 0.88 > 0.85 threshold.']
job_0239 [K2]: ['Intent token Jaccard similarity 0.88 > 0.85 threshold.']
job_0239 [K2]: ['Intent token Jaccard similarity 0.88 > 0.85 threshold.']
job_0239 [K2]: ['Intent token Jaccard similarity 0.88 > 0.85 threshold.']
job_0243 [K3]: ['Intent token Jaccard similarity 0.88 > 0.85 threshold.']
job_0243 [K3]: ['Intent token Jaccard similarity 0.88 > 0.85 threshold.']
job_0243 [K3]: ['Intent token Jaccard similarity 0.88 > 0.85 threshold.']
job_0243 [K3]: ['Intent token Jaccard similarity 0.88 > 0.85 threshold.']
job_0244 [K3]: ['Intent token Jaccard similarity 0.88 > 0.85 threshold.']
job_0244 [K3]: ['Intent token Jaccard similarity 0.88 > 0.85 threshold.']
job_0244 [K3]: ['Intent token Jaccard similarity 0.88 > 0.85 threshold.']
job_0244 [K3]: ['Intent token Jaccard similarity 0.88 > 0.85 threshold.']
job_0247 [K3]: ['Intent token Jaccard similarity 0.88 > 0.85 threshold.']
job_0247 [K3]: ['Intent token Jaccard similarity 0.88 > 0.85 threshold.']
job_0247 [K3]: ['Intent token Jaccard similarity 0.88 > 0.85 threshold.']
job_0247 [K3]: ['Intent token Jaccard similarity 0.88 > 0.85 threshold.']
job_0248 [K3]: ['Intent token Jaccard similarity 0.88 > 0.85 threshold.']
job_0248 [K3]: ['Intent token Jaccard similarity 0.88 > 0.85 threshold.']
job_0248 [K3]: ['Intent token Jaccard similarity 0.88 > 0.85 threshold.']
job_0248 [K3]: ['Intent token Jaccard similarity 0.88 > 0.85 threshold.']
job_0250 [K3]: ['Intent token Jaccard similarity 0.88 > 0.85 threshold.']
job_0250 [K3]: ['Intent token Jaccard similarity 0.88 > 0.85 threshold.']
job_0250 [K3]: ['Intent token Jaccard similarity 0.88 > 0.85 threshold.']
job_0250 [K3]: ['Intent token Jaccard similarity 0.88 > 0.85 threshold.']
job_0251 [K3]: ['Intent token Jaccard similarity 0.88 > 0.85 threshold.']
job_0251 [K3]: ['Intent token Jaccard similarity 0.88 > 0.85 threshold.']
job_0251 [K3]: ['Intent token Jaccard similarity 0.88 > 0.85 threshold.']
job_0251 [K3]: ['Intent token Jaccard similarity 0.88 > 0.85 threshold.']
job_0252 [K3]: ['Intent token Jaccard similarity 0.88 > 0.85 threshold.']
job_0252 [K3]: ['Intent token Jaccard similarity 0.88 > 0.85 threshold.']
job_0252 [K3]: ['Intent token Jaccard similarity 0.88 > 0.85 threshold.']
job_0252 [K3]: ['Intent token Jaccard similarity 0.88 > 0.85 threshold.']
job_0254 [K3]: ['Intent token Jaccard similarity 0.88 > 0.85 threshold.']
job_0254 [K3]: ['Intent token Jaccard similarity 0.88 > 0.85 threshold.']
job_0254 [K3]: ['Intent token Jaccard similarity 0.88 > 0.85 threshold.']
job_0254 [K3]: ['Intent token Jaccard similarity 0.88 > 0.85 threshold.']
job_0255 [K3]: ['Intent token Jaccard similarity 0.88 > 0.85 threshold.']
job_0255 [K3]: ['Intent token Jaccard similarity 0.88 > 0.85 threshold.']
job_0255 [K3]: ['Intent token Jaccard similarity 0.88 > 0.85 threshold.']
job_0255 [K3]: ['Intent token Jaccard similarity 0.88 > 0.85 threshold.']
job_0257 [K3]: ['Intent token Jaccard similarity 0.88 > 0.85 threshold.']
job_0257 [K3]: ['Intent token Jaccard similarity 0.88 > 0.85 threshold.']
job_0257 [K3]: ['Intent token Jaccard similarity 0.88 > 0.85 threshold.']
job_0257 [K3]: ['Intent token Jaccard similarity 0.88 > 0.85 threshold.']
job_0260 [K3]: ['Intent token Jaccard similarity 0.88 > 0.85 threshold.']
job_0260 [K3]: ['Intent token Jaccard similarity 0.88 > 0.85 threshold.']
job_0260 [K3]: ['Intent token Jaccard similarity 0.88 > 0.85 threshold.']
job_0260 [K3]: ['Intent token Jaccard similarity 0.88 > 0.85 threshold.']
job_0262 [K4]: ['Intent token Jaccard similarity 0.88 > 0.85 threshold.']
job_0262 [K4]: ['Intent token Jaccard similarity 0.88 > 0.85 threshold.']
job_0262 [K4]: ['Intent token Jaccard similarity 0.88 > 0.85 threshold.']
job_0262 [K4]: ['Intent token Jaccard similarity 0.88 > 0.85 threshold.']
job_0263 [K4]: ['Duplicate normalized intent detected.']
job_0263 [K4]: ['Duplicate normalized intent detected.']
job_0263 [K4]: ['Duplicate normalized intent detected.']
job_0263 [K4]: ['Duplicate normalized intent detected.']
job_0264 [K4]: ['Intent token Jaccard similarity 0.88 > 0.85 threshold.']
job_0264 [K4]: ['Intent token Jaccard similarity 0.88 > 0.85 threshold.']
job_0264 [K4]: ['Intent token Jaccard similarity 0.88 > 0.85 threshold.']
job_0264 [K4]: ['Intent token Jaccard similarity 0.88 > 0.85 threshold.']
job_0265 [K4]: ['Duplicate normalized intent detected.']
job_0265 [K4]: ['Duplicate normalized intent detected.']
job_0265 [K4]: ['Duplicate normalized intent detected.']
job_0265 [K4]: ['Duplicate normalized intent detected.']
job_0266 [K4]: ['Intent token Jaccard similarity 0.88 > 0.85 threshold.']
job_0266 [K4]: ['Intent token Jaccard similarity 0.88 > 0.85 threshold.']
job_0266 [K4]: ['Intent token Jaccard similarity 0.88 > 0.85 threshold.']
job_0266 [K4]: ['Intent token Jaccard similarity 0.88 > 0.85 threshold.']
job_0267 [K4]: ['Duplicate normalized intent detected.']
job_0267 [K4]: ['Duplicate normalized intent detected.']
job_0267 [K4]: ['Duplicate normalized intent detected.']
job_0267 [K4]: ['Duplicate normalized intent detected.']
job_0268 [K4]: ['Intent token Jaccard similarity 0.88 > 0.85 threshold.']
job_0268 [K4]: ['Intent token Jaccard similarity 0.88 > 0.85 threshold.']
job_0268 [K4]: ['Intent token Jaccard similarity 0.88 > 0.85 threshold.']
job_0268 [K4]: ['Intent token Jaccard similarity 0.88 > 0.85 threshold.']
job_0269 [K4]: ['Duplicate normalized intent detected.']
job_0269 [K4]: ['Duplicate normalized intent detected.']
job_0269 [K4]: ['Duplicate normalized intent detected.']
job_0269 [K4]: ['Duplicate normalized intent detected.']
job_0270 [K4]: ['Intent token Jaccard similarity 0.88 > 0.85 threshold.']
job_0270 [K4]: ['Intent token Jaccard similarity 0.88 > 0.85 threshold.']
job_0270 [K4]: ['Intent token Jaccard similarity 0.88 > 0.85 threshold.']
job_0270 [K4]: ['Intent token Jaccard similarity 0.88 > 0.85 threshold.']
job_0271 [K4]: ['Duplicate normalized intent detected.']
job_0271 [K4]: ['Duplicate normalized intent detected.']
job_0271 [K4]: ['Duplicate normalized intent detected.']
job_0271 [K4]: ['Duplicate normalized intent detected.']
job_0272 [K4]: ['Intent token Jaccard similarity 0.88 > 0.85 threshold.']
job_0272 [K4]: ['Intent token Jaccard similarity 0.88 > 0.85 threshold.']
job_0272 [K4]: ['Intent token Jaccard similarity 0.88 > 0.85 threshold.']
job_0272 [K4]: ['Intent token Jaccard similarity 0.88 > 0.85 threshold.']
job_0273 [K4]: ['Duplicate normalized intent detected.']
job_0273 [K4]: ['Duplicate normalized intent detected.']
job_0273 [K4]: ['Duplicate normalized intent detected.']
job_0273 [K4]: ['Duplicate normalized intent detected.']
job_0274 [K4]: ['Intent token Jaccard similarity 0.88 > 0.85 threshold.']
job_0274 [K4]: ['Intent token Jaccard similarity 0.88 > 0.85 threshold.']
job_0274 [K4]: ['Intent token Jaccard similarity 0.88 > 0.85 threshold.']
job_0274 [K4]: ['Intent token Jaccard similarity 0.88 > 0.85 threshold.']
job_0275 [K4]: ['Duplicate normalized intent detected.']
job_0275 [K4]: ['Duplicate normalized intent detected.']
job_0275 [K4]: ['Duplicate normalized intent detected.']
job_0275 [K4]: ['Duplicate normalized intent detected.']
job_0276 [K4]: ['Intent token Jaccard similarity 0.88 > 0.85 threshold.']
job_0276 [K4]: ['Intent token Jaccard similarity 0.88 > 0.85 threshold.']
job_0276 [K4]: ['Intent token Jaccard similarity 0.88 > 0.85 threshold.']
job_0276 [K4]: ['Intent token Jaccard similarity 0.88 > 0.85 threshold.']
job_0277 [K4]: ['Duplicate normalized intent detected.']
job_0277 [K4]: ['Duplicate normalized intent detected.']
job_0277 [K4]: ['Duplicate normalized intent detected.']
job_0277 [K4]: ['Duplicate normalized intent detected.']
job_0278 [K4]: ['Intent token Jaccard similarity 0.88 > 0.85 threshold.']
job_0278 [K4]: ['Intent token Jaccard similarity 0.88 > 0.85 threshold.']
job_0278 [K4]: ['Intent token Jaccard similarity 0.88 > 0.85 threshold.']
job_0278 [K4]: ['Intent token Jaccard similarity 0.88 > 0.85 threshold.']
job_0279 [K4]: ['Duplicate normalized intent detected.']
job_0279 [K4]: ['Duplicate normalized intent detected.']
job_0279 [K4]: ['Duplicate normalized intent detected.']
job_0279 [K4]: ['Duplicate normalized intent detected.']
job_0280 [K4]: ['Intent token Jaccard similarity 0.88 > 0.85 threshold.']
job_0280 [K4]: ['Intent token Jaccard similarity 0.88 > 0.85 threshold.']
job_0280 [K4]: ['Intent token Jaccard similarity 0.88 > 0.85 threshold.']
job_0280 [K4]: ['Intent token Jaccard similarity 0.88 > 0.85 threshold.']
job_0284 [K5]: ['Intent token Jaccard similarity 0.94 > 0.85 threshold.']
job_0284 [K5]: ['Intent token Jaccard similarity 0.94 > 0.85 threshold.']
job_0284 [K5]: ['Intent token Jaccard similarity 0.94 > 0.85 threshold.']
job_0284 [K5]: ['Intent token Jaccard similarity 0.94 > 0.85 threshold.']
job_0285 [K5]: ['Intent token Jaccard similarity 0.93 > 0.85 threshold.']
job_0285 [K5]: ['Intent token Jaccard similarity 0.93 > 0.85 threshold.']
job_0285 [K5]: ['Intent token Jaccard similarity 0.93 > 0.85 threshold.']
job_0285 [K5]: ['Intent token Jaccard similarity 0.93 > 0.85 threshold.']
job_0286 [K5]: ['Intent token Jaccard similarity 0.94 > 0.85 threshold.']
job_0286 [K5]: ['Intent token Jaccard similarity 0.94 > 0.85 threshold.']
job_0286 [K5]: ['Intent token Jaccard similarity 0.94 > 0.85 threshold.']
job_0286 [K5]: ['Intent token Jaccard similarity 0.94 > 0.85 threshold.']
job_0287 [K5]: ['Duplicate normalized intent detected.']
job_0287 [K5]: ['Duplicate normalized intent detected.']
job_0287 [K5]: ['Duplicate normalized intent detected.']
job_0287 [K5]: ['Duplicate normalized intent detected.']
job_0288 [K5]: ['Duplicate normalized intent detected.']
job_0288 [K5]: ['Duplicate normalized intent detected.']
job_0288 [K5]: ['Duplicate normalized intent detected.']
job_0288 [K5]: ['Duplicate normalized intent detected.']
job_0289 [K5]: ['Intent token Jaccard similarity 0.93 > 0.85 threshold.']
job_0289 [K5]: ['Intent token Jaccard similarity 0.93 > 0.85 threshold.']
job_0289 [K5]: ['Intent token Jaccard similarity 0.93 > 0.85 threshold.']
job_0289 [K5]: ['Intent token Jaccard similarity 0.93 > 0.85 threshold.']
job_0290 [K5]: ['Duplicate normalized intent detected.']
job_0290 [K5]: ['Duplicate normalized intent detected.']
job_0290 [K5]: ['Duplicate normalized intent detected.']
job_0290 [K5]: ['Duplicate normalized intent detected.']
job_0291 [K5]: ['Duplicate normalized intent detected.']
job_0291 [K5]: ['Duplicate normalized intent detected.']
job_0291 [K5]: ['Duplicate normalized intent detected.']
job_0291 [K5]: ['Duplicate normalized intent detected.']
job_0292 [K5]: ['Intent token Jaccard similarity 0.94 > 0.85 threshold.']
job_0292 [K5]: ['Intent token Jaccard similarity 0.94 > 0.85 threshold.']
job_0292 [K5]: ['Intent token Jaccard similarity 0.94 > 0.85 threshold.']
job_0292 [K5]: ['Intent token Jaccard similarity 0.94 > 0.85 threshold.']
job_0293 [K5]: ['Intent token Jaccard similarity 0.93 > 0.85 threshold.']
job_0293 [K5]: ['Intent token Jaccard similarity 0.93 > 0.85 threshold.']
job_0293 [K5]: ['Intent token Jaccard similarity 0.93 > 0.85 threshold.']
job_0293 [K5]: ['Intent token Jaccard similarity 0.93 > 0.85 threshold.']
job_0294 [K5]: ['Duplicate normalized intent detected.']
job_0294 [K5]: ['Duplicate normalized intent detected.']
job_0294 [K5]: ['Duplicate normalized intent detected.']
job_0294 [K5]: ['Duplicate normalized intent detected.']
job_0295 [K5]: ['Duplicate normalized intent detected.']
job_0295 [K5]: ['Duplicate normalized intent detected.']
job_0295 [K5]: ['Duplicate normalized intent detected.']
job_0295 [K5]: ['Duplicate normalized intent detected.']
job_0297 [K5]: ['Duplicate normalized intent detected.']
job_0297 [K5]: ['Duplicate normalized intent detected.']
job_0297 [K5]: ['Duplicate normalized intent detected.']
job_0297 [K5]: ['Duplicate normalized intent detected.']
job_0298 [K5]: ['Duplicate normalized intent detected.']
job_0298 [K5]: ['Duplicate normalized intent detected.']
job_0298 [K5]: ['Duplicate normalized intent detected.']
job_0298 [K5]: ['Duplicate normalized intent detected.']
job_0299 [K5]: ['Duplicate normalized intent detected.']
job_0299 [K5]: ['Duplicate normalized intent detected.']
job_0299 [K5]: ['Duplicate normalized intent detected.']
job_0299 [K5]: ['Duplicate normalized intent detected.']
job_0300 [K5]: ['Intent token Jaccard similarity 0.94 > 0.85 threshold.']
job_0300 [K5]: ['Intent token Jaccard similarity 0.94 > 0.85 threshold.']
job_0300 [K5]: ['Intent token Jaccard similarity 0.94 > 0.85 threshold.']
job_0300 [K5]: ['Intent token Jaccard similarity 0.94 > 0.85 threshold.']
job_0005 [X1]: ['Intent token Jaccard similarity 0.89 > 0.85 threshold.']
job_0005 [X1]: ['Intent token Jaccard similarity 0.89 > 0.85 threshold.']
job_0005 [X1]: ['Intent token Jaccard similarity 0.89 > 0.85 threshold.']
job_0005 [X1]: ['Intent token Jaccard similarity 0.89 > 0.85 threshold.']
job_0014 [X1]: ['Intent token Jaccard similarity 0.89 > 0.85 threshold.']
job_0014 [X1]: ['Intent token Jaccard similarity 0.89 > 0.85 threshold.']
job_0014 [X1]: ['Intent token Jaccard similarity 0.89 > 0.85 threshold.']
job_0014 [X1]: ['Intent token Jaccard similarity 0.89 > 0.85 threshold.']
job_0017 [X1]: ['Intent token Jaccard similarity 0.89 > 0.85 threshold.']
job_0017 [X1]: ['Intent token Jaccard similarity 0.89 > 0.85 threshold.']
job_0017 [X1]: ['Intent token Jaccard similarity 0.89 > 0.85 threshold.']
job_0017 [X1]: ['Intent token Jaccard similarity 0.89 > 0.85 threshold.']
job_0028 [X1]: ['Intent token Jaccard similarity 0.89 > 0.85 threshold.']
job_0028 [X1]: ['Intent token Jaccard similarity 0.89 > 0.85 threshold.']
job_0028 [X1]: ['Intent token Jaccard similarity 0.89 > 0.85 threshold.']
job_0028 [X1]: ['Intent token Jaccard similarity 0.89 > 0.85 threshold.']
job_0052 [X2]: ['Intent token Jaccard similarity 0.89 > 0.85 threshold.']
job_0052 [X2]: ['Intent token Jaccard similarity 0.89 > 0.85 threshold.']
job_0052 [X2]: ['Intent token Jaccard similarity 0.89 > 0.85 threshold.']
job_0052 [X2]: ['Intent token Jaccard similarity 0.89 > 0.85 threshold.']
job_0058 [X3]: ['Intent token Jaccard similarity 0.88 > 0.85 threshold.']
job_0058 [X3]: ['Intent token Jaccard similarity 0.88 > 0.85 threshold.']
job_0058 [X3]: ['Intent token Jaccard similarity 0.88 > 0.85 threshold.']
job_0058 [X3]: ['Intent token Jaccard similarity 0.88 > 0.85 threshold.']
job_0059 [X3]: ['Intent token Jaccard similarity 0.88 > 0.85 threshold.']
job_0059 [X3]: ['Intent token Jaccard similarity 0.88 > 0.85 threshold.']
job_0059 [X3]: ['Intent token Jaccard similarity 0.88 > 0.85 threshold.']
job_0059 [X3]: ['Intent token Jaccard similarity 0.88 > 0.85 threshold.']
job_0060 [X3]: ['Intent token Jaccard similarity 0.88 > 0.85 threshold.']
job_0060 [X3]: ['Intent token Jaccard similarity 0.88 > 0.85 threshold.']
job_0060 [X3]: ['Intent token Jaccard similarity 0.88 > 0.85 threshold.']
job_0060 [X3]: ['Intent token Jaccard similarity 0.88 > 0.85 threshold.']
job_0061 [X3]: ['Intent token Jaccard similarity 0.88 > 0.85 threshold.']
job_0061 [X3]: ['Intent token Jaccard similarity 0.88 > 0.85 threshold.']
job_0061 [X3]: ['Intent token Jaccard similarity 0.88 > 0.85 threshold.']
job_0061 [X3]: ['Intent token Jaccard similarity 0.88 > 0.85 threshold.']
job_0062 [X3]: ['Intent token Jaccard similarity 0.88 > 0.85 threshold.']
job_0062 [X3]: ['Intent token Jaccard similarity 0.88 > 0.85 threshold.']
job_0062 [X3]: ['Intent token Jaccard similarity 0.88 > 0.85 threshold.']
job_0062 [X3]: ['Intent token Jaccard similarity 0.88 > 0.85 threshold.']
job_0063 [X3]: ['Intent token Jaccard similarity 0.88 > 0.85 threshold.']
job_0063 [X3]: ['Intent token Jaccard similarity 0.88 > 0.85 threshold.']
job_0063 [X3]: ['Intent token Jaccard similarity 0.88 > 0.85 threshold.']
job_0063 [X3]: ['Intent token Jaccard similarity 0.88 > 0.85 threshold.']
job_0064 [X3]: ['Intent token Jaccard similarity 0.88 > 0.85 threshold.']
job_0064 [X3]: ['Intent token Jaccard similarity 0.88 > 0.85 threshold.']
job_0064 [X3]: ['Intent token Jaccard similarity 0.88 > 0.85 threshold.']
job_0064 [X3]: ['Intent token Jaccard similarity 0.88 > 0.85 threshold.']
job_0065 [X3]: ['Intent token Jaccard similarity 0.88 > 0.85 threshold.']
job_0065 [X3]: ['Intent token Jaccard similarity 0.88 > 0.85 threshold.']
job_0065 [X3]: ['Intent token Jaccard similarity 0.88 > 0.85 threshold.']
job_0065 [X3]: ['Intent token Jaccard similarity 0.88 > 0.85 threshold.']
job_0066 [X3]: ['Intent token Jaccard similarity 0.88 > 0.85 threshold.']
job_0066 [X3]: ['Intent token Jaccard similarity 0.88 > 0.85 threshold.']
job_0066 [X3]: ['Intent token Jaccard similarity 0.88 > 0.85 threshold.']
job_0066 [X3]: ['Intent token Jaccard similarity 0.88 > 0.85 threshold.']
job_0067 [X3]: ['Intent token Jaccard similarity 0.88 > 0.85 threshold.']
job_0067 [X3]: ['Intent token Jaccard similarity 0.88 > 0.85 threshold.']
job_0067 [X3]: ['Intent token Jaccard similarity 0.88 > 0.85 threshold.']
job_0067 [X3]: ['Intent token Jaccard similarity 0.88 > 0.85 threshold.']
job_0068 [X3]: ['Intent token Jaccard similarity 0.88 > 0.85 threshold.']
job_0068 [X3]: ['Intent token Jaccard similarity 0.88 > 0.85 threshold.']
job_0068 [X3]: ['Intent token Jaccard similarity 0.88 > 0.85 threshold.']
job_0068 [X3]: ['Intent token Jaccard similarity 0.88 > 0.85 threshold.']
job_0069 [X3]: ['Intent token Jaccard similarity 0.88 > 0.85 threshold.']
job_0069 [X3]: ['Intent token Jaccard similarity 0.88 > 0.85 threshold.']
job_0069 [X3]: ['Intent token Jaccard similarity 0.88 > 0.85 threshold.']
job_0069 [X3]: ['Intent token Jaccard similarity 0.88 > 0.85 threshold.']
job_0070 [X3]: ['Intent token Jaccard similarity 0.88 > 0.85 threshold.']
job_0070 [X3]: ['Intent token Jaccard similarity 0.88 > 0.85 threshold.']
job_0070 [X3]: ['Intent token Jaccard similarity 0.88 > 0.85 threshold.']
job_0070 [X3]: ['Intent token Jaccard similarity 0.88 > 0.85 threshold.']
job_0071 [X3]: ['Intent token Jaccard similarity 0.88 > 0.85 threshold.']
job_0071 [X3]: ['Intent token Jaccard similarity 0.88 > 0.85 threshold.']
job_0071 [X3]: ['Intent token Jaccard similarity 0.88 > 0.85 threshold.']
job_0071 [X3]: ['Intent token Jaccard similarity 0.88 > 0.85 threshold.']
job_0072 [X3]: ['Intent token Jaccard similarity 0.88 > 0.85 threshold.']
job_0072 [X3]: ['Intent token Jaccard similarity 0.88 > 0.85 threshold.']
job_0072 [X3]: ['Intent token Jaccard similarity 0.88 > 0.85 threshold.']
job_0072 [X3]: ['Intent token Jaccard similarity 0.88 > 0.85 threshold.']
job_0073 [X3]: ['Intent token Jaccard similarity 0.88 > 0.85 threshold.']
job_0073 [X3]: ['Intent token Jaccard similarity 0.88 > 0.85 threshold.']
job_0073 [X3]: ['Intent token Jaccard similarity 0.88 > 0.85 threshold.']
job_0073 [X3]: ['Intent token Jaccard similarity 0.88 > 0.85 threshold.']
job_0074 [X3]: ['Intent token Jaccard similarity 0.88 > 0.85 threshold.']
job_0074 [X3]: ['Intent token Jaccard similarity 0.88 > 0.85 threshold.']
job_0074 [X3]: ['Intent token Jaccard similarity 0.88 > 0.85 threshold.']
job_0074 [X3]: ['Intent token Jaccard similarity 0.88 > 0.85 threshold.']
job_0075 [X3]: ['Intent token Jaccard similarity 0.88 > 0.85 threshold.']
job_0075 [X3]: ['Intent token Jaccard similarity 0.88 > 0.85 threshold.']
job_0075 [X3]: ['Intent token Jaccard similarity 0.88 > 0.85 threshold.']
job_0075 [X3]: ['Intent token Jaccard similarity 0.88 > 0.85 threshold.']
job_0076 [X3]: ['Intent token Jaccard similarity 0.88 > 0.85 threshold.']
job_0076 [X3]: ['Intent token Jaccard similarity 0.88 > 0.85 threshold.']
job_0076 [X3]: ['Intent token Jaccard similarity 0.88 > 0.85 threshold.']
job_0076 [X3]: ['Intent token Jaccard similarity 0.88 > 0.85 threshold.']
job_0077 [X3]: ['Intent token Jaccard similarity 0.88 > 0.85 threshold.']
job_0077 [X3]: ['Intent token Jaccard similarity 0.88 > 0.85 threshold.']
job_0077 [X3]: ['Intent token Jaccard similarity 0.88 > 0.85 threshold.']
job_0077 [X3]: ['Intent token Jaccard similarity 0.88 > 0.85 threshold.']
job_0078 [X3]: ['Intent token Jaccard similarity 0.88 > 0.85 threshold.']
job_0078 [X3]: ['Intent token Jaccard similarity 0.88 > 0.85 threshold.']
job_0078 [X3]: ['Intent token Jaccard similarity 0.88 > 0.85 threshold.']
job_0078 [X3]: ['Intent token Jaccard similarity 0.88 > 0.85 threshold.']
job_0079 [X3]: ['Intent token Jaccard similarity 0.88 > 0.85 threshold.']
job_0079 [X3]: ['Intent token Jaccard similarity 0.88 > 0.85 threshold.']
job_0079 [X3]: ['Intent token Jaccard similarity 0.88 > 0.85 threshold.']
job_0079 [X3]: ['Intent token Jaccard similarity 0.88 > 0.85 threshold.']
job_0080 [X3]: ['Intent token Jaccard similarity 0.88 > 0.85 threshold.']
job_0080 [X3]: ['Intent token Jaccard similarity 0.88 > 0.85 threshold.']
job_0080 [X3]: ['Intent token Jaccard similarity 0.88 > 0.85 threshold.']
job_0080 [X3]: ['Intent token Jaccard similarity 0.88 > 0.85 threshold.']
job_0083 [X4]: ['Intent token Jaccard similarity 0.86 > 0.85 threshold.']
job_0083 [X4]: ['Intent token Jaccard similarity 0.86 > 0.85 threshold.']
job_0083 [X4]: ['Intent token Jaccard similarity 0.86 > 0.85 threshold.']
job_0083 [X4]: ['Intent token Jaccard similarity 0.86 > 0.85 threshold.']
job_0084 [X4]: ['Intent token Jaccard similarity 0.86 > 0.85 threshold.']
job_0084 [X4]: ['Intent token Jaccard similarity 0.86 > 0.85 threshold.']
job_0084 [X4]: ['Intent token Jaccard similarity 0.86 > 0.85 threshold.']
job_0084 [X4]: ['Intent token Jaccard similarity 0.86 > 0.85 threshold.']
job_0085 [X4]: ['Intent token Jaccard similarity 0.86 > 0.85 threshold.']
job_0085 [X4]: ['Intent token Jaccard similarity 0.86 > 0.85 threshold.']
job_0085 [X4]: ['Intent token Jaccard similarity 0.86 > 0.85 threshold.']
job_0085 [X4]: ['Intent token Jaccard similarity 0.86 > 0.85 threshold.']
job_0086 [X4]: ['Intent token Jaccard similarity 0.86 > 0.85 threshold.']
job_0086 [X4]: ['Intent token Jaccard similarity 0.86 > 0.85 threshold.']
job_0086 [X4]: ['Intent token Jaccard similarity 0.86 > 0.85 threshold.']
job_0086 [X4]: ['Intent token Jaccard similarity 0.86 > 0.85 threshold.']
job_0087 [X4]: ['Intent token Jaccard similarity 0.86 > 0.85 threshold.']
job_0087 [X4]: ['Intent token Jaccard similarity 0.86 > 0.85 threshold.']
job_0087 [X4]: ['Intent token Jaccard similarity 0.86 > 0.85 threshold.']
job_0087 [X4]: ['Intent token Jaccard similarity 0.86 > 0.85 threshold.']
job_0088 [X4]: ['Intent token Jaccard similarity 0.86 > 0.85 threshold.']
job_0088 [X4]: ['Intent token Jaccard similarity 0.86 > 0.85 threshold.']
job_0088 [X4]: ['Intent token Jaccard similarity 0.86 > 0.85 threshold.']
job_0088 [X4]: ['Intent token Jaccard similarity 0.86 > 0.85 threshold.']
job_0089 [X4]: ['Intent token Jaccard similarity 0.86 > 0.85 threshold.']
job_0089 [X4]: ['Intent token Jaccard similarity 0.86 > 0.85 threshold.']
job_0089 [X4]: ['Intent token Jaccard similarity 0.86 > 0.85 threshold.']
job_0089 [X4]: ['Intent token Jaccard similarity 0.86 > 0.85 threshold.']
job_0090 [X4]: ['Intent token Jaccard similarity 0.86 > 0.85 threshold.']
job_0090 [X4]: ['Intent token Jaccard similarity 0.86 > 0.85 threshold.']
job_0090 [X4]: ['Intent token Jaccard similarity 0.86 > 0.85 threshold.']
job_0090 [X4]: ['Intent token Jaccard similarity 0.86 > 0.85 threshold.']
job_0091 [X4]: ['Intent token Jaccard similarity 0.86 > 0.85 threshold.']
job_0091 [X4]: ['Intent token Jaccard similarity 0.86 > 0.85 threshold.']
job_0091 [X4]: ['Intent token Jaccard similarity 0.86 > 0.85 threshold.']
job_0091 [X4]: ['Intent token Jaccard similarity 0.86 > 0.85 threshold.']
job_0092 [X4]: ['Intent token Jaccard similarity 0.86 > 0.85 threshold.']
job_0092 [X4]: ['Intent token Jaccard similarity 0.86 > 0.85 threshold.']
job_0092 [X4]: ['Intent token Jaccard similarity 0.86 > 0.85 threshold.']
job_0092 [X4]: ['Intent token Jaccard similarity 0.86 > 0.85 threshold.']
job_0093 [X4]: ['Intent token Jaccard similarity 0.86 > 0.85 threshold.']
job_0093 [X4]: ['Intent token Jaccard similarity 0.86 > 0.85 threshold.']
job_0093 [X4]: ['Intent token Jaccard similarity 0.86 > 0.85 threshold.']
job_0093 [X4]: ['Intent token Jaccard similarity 0.86 > 0.85 threshold.']
job_0094 [X4]: ['Intent token Jaccard similarity 0.86 > 0.85 threshold.']
job_0094 [X4]: ['Intent token Jaccard similarity 0.86 > 0.85 threshold.']
job_0094 [X4]: ['Intent token Jaccard similarity 0.86 > 0.85 threshold.']
job_0094 [X4]: ['Intent token Jaccard similarity 0.86 > 0.85 threshold.']
job_0095 [X4]: ['Intent token Jaccard similarity 0.86 > 0.85 threshold.']
job_0095 [X4]: ['Intent token Jaccard similarity 0.86 > 0.85 threshold.']
job_0095 [X4]: ['Intent token Jaccard similarity 0.86 > 0.85 threshold.']
job_0095 [X4]: ['Intent token Jaccard similarity 0.86 > 0.85 threshold.']
job_0096 [X4]: ['Intent token Jaccard similarity 0.86 > 0.85 threshold.']
job_0096 [X4]: ['Intent token Jaccard similarity 0.86 > 0.85 threshold.']
job_0096 [X4]: ['Intent token Jaccard similarity 0.86 > 0.85 threshold.']
job_0096 [X4]: ['Intent token Jaccard similarity 0.86 > 0.85 threshold.']
job_0097 [X4]: ['Intent token Jaccard similarity 0.86 > 0.85 threshold.']
job_0097 [X4]: ['Intent token Jaccard similarity 0.86 > 0.85 threshold.']
job_0097 [X4]: ['Intent token Jaccard similarity 0.86 > 0.85 threshold.']
job_0097 [X4]: ['Intent token Jaccard similarity 0.86 > 0.85 threshold.']
job_0098 [X4]: ['Intent token Jaccard similarity 0.86 > 0.85 threshold.']
job_0098 [X4]: ['Intent token Jaccard similarity 0.86 > 0.85 threshold.']
job_0098 [X4]: ['Intent token Jaccard similarity 0.86 > 0.85 threshold.']
job_0098 [X4]: ['Intent token Jaccard similarity 0.86 > 0.85 threshold.']
job_0099 [X4]: ['Intent token Jaccard similarity 0.86 > 0.85 threshold.']
job_0099 [X4]: ['Intent token Jaccard similarity 0.86 > 0.85 threshold.']
job_0099 [X4]: ['Intent token Jaccard similarity 0.86 > 0.85 threshold.']
job_0099 [X4]: ['Intent token Jaccard similarity 0.86 > 0.85 threshold.']
job_0100 [X4]: ['Intent token Jaccard similarity 0.86 > 0.85 threshold.']
job_0100 [X4]: ['Intent token Jaccard similarity 0.86 > 0.85 threshold.']
job_0100 [X4]: ['Intent token Jaccard similarity 0.86 > 0.85 threshold.']
job_0100 [X4]: ['Intent token Jaccard similarity 0.86 > 0.85 threshold.']
job_0102 [X5]: ['Intent token Jaccard similarity 0.88 > 0.85 threshold.']
job_0102 [X5]: ['Intent token Jaccard similarity 0.88 > 0.85 threshold.']
job_0102 [X5]: ['Intent token Jaccard similarity 0.88 > 0.85 threshold.']
job_0102 [X5]: ['Intent token Jaccard similarity 0.88 > 0.85 threshold.']
job_0103 [X5]: ['Intent token Jaccard similarity 0.88 > 0.85 threshold.']
job_0103 [X5]: ['Intent token Jaccard similarity 0.88 > 0.85 threshold.']
job_0103 [X5]: ['Intent token Jaccard similarity 0.88 > 0.85 threshold.']
job_0103 [X5]: ['Intent token Jaccard similarity 0.88 > 0.85 threshold.']
job_0104 [X5]: ['Intent token Jaccard similarity 0.88 > 0.85 threshold.']
job_0104 [X5]: ['Intent token Jaccard similarity 0.88 > 0.85 threshold.']
job_0104 [X5]: ['Intent token Jaccard similarity 0.88 > 0.85 threshold.']
job_0104 [X5]: ['Intent token Jaccard similarity 0.88 > 0.85 threshold.']
job_0105 [X5]: ['Intent token Jaccard similarity 0.88 > 0.85 threshold.']
job_0105 [X5]: ['Intent token Jaccard similarity 0.88 > 0.85 threshold.']
job_0105 [X5]: ['Intent token Jaccard similarity 0.88 > 0.85 threshold.']
job_0105 [X5]: ['Intent token Jaccard similarity 0.88 > 0.85 threshold.']
job_0106 [X5]: ['Intent token Jaccard similarity 0.88 > 0.85 threshold.']
job_0106 [X5]: ['Intent token Jaccard similarity 0.88 > 0.85 threshold.']
job_0106 [X5]: ['Intent token Jaccard similarity 0.88 > 0.85 threshold.']
job_0106 [X5]: ['Intent token Jaccard similarity 0.88 > 0.85 threshold.']
job_0107 [X5]: ['Intent token Jaccard similarity 0.88 > 0.85 threshold.']
job_0107 [X5]: ['Intent token Jaccard similarity 0.88 > 0.85 threshold.']
job_0107 [X5]: ['Intent token Jaccard similarity 0.88 > 0.85 threshold.']
job_0107 [X5]: ['Intent token Jaccard similarity 0.88 > 0.85 threshold.']
job_0108 [X5]: ['Intent token Jaccard similarity 0.88 > 0.85 threshold.']
job_0108 [X5]: ['Intent token Jaccard similarity 0.88 > 0.85 threshold.']
job_0108 [X5]: ['Intent token Jaccard similarity 0.88 > 0.85 threshold.']
job_0108 [X5]: ['Intent token Jaccard similarity 0.88 > 0.85 threshold.']
job_0109 [X5]: ['Intent token Jaccard similarity 0.88 > 0.85 threshold.']
job_0109 [X5]: ['Intent token Jaccard similarity 0.88 > 0.85 threshold.']
job_0109 [X5]: ['Intent token Jaccard similarity 0.88 > 0.85 threshold.']
job_0109 [X5]: ['Intent token Jaccard similarity 0.88 > 0.85 threshold.']
job_0110 [X5]: ['Intent token Jaccard similarity 0.88 > 0.85 threshold.']
job_0110 [X5]: ['Intent token Jaccard similarity 0.88 > 0.85 threshold.']
job_0110 [X5]: ['Intent token Jaccard similarity 0.88 > 0.85 threshold.']
job_0110 [X5]: ['Intent token Jaccard similarity 0.88 > 0.85 threshold.']
job_0111 [X5]: ['Intent token Jaccard similarity 0.88 > 0.85 threshold.']
job_0111 [X5]: ['Intent token Jaccard similarity 0.88 > 0.85 threshold.']
job_0111 [X5]: ['Intent token Jaccard similarity 0.88 > 0.85 threshold.']
job_0111 [X5]: ['Intent token Jaccard similarity 0.88 > 0.85 threshold.']
job_0112 [X5]: ['Intent token Jaccard similarity 0.88 > 0.85 threshold.']
job_0112 [X5]: ['Intent token Jaccard similarity 0.88 > 0.85 threshold.']
job_0112 [X5]: ['Intent token Jaccard similarity 0.88 > 0.85 threshold.']
job_0112 [X5]: ['Intent token Jaccard similarity 0.88 > 0.85 threshold.']
job_0113 [X5]: ['Intent token Jaccard similarity 0.88 > 0.85 threshold.']
job_0113 [X5]: ['Intent token Jaccard similarity 0.88 > 0.85 threshold.']
job_0113 [X5]: ['Intent token Jaccard similarity 0.88 > 0.85 threshold.']
job_0113 [X5]: ['Intent token Jaccard similarity 0.88 > 0.85 threshold.']
job_0114 [X5]: ['Intent token Jaccard similarity 0.88 > 0.85 threshold.']
job_0114 [X5]: ['Intent token Jaccard similarity 0.88 > 0.85 threshold.']
job_0114 [X5]: ['Intent token Jaccard similarity 0.88 > 0.85 threshold.']
job_0114 [X5]: ['Intent token Jaccard similarity 0.88 > 0.85 threshold.']
job_0115 [X5]: ['Intent token Jaccard similarity 0.88 > 0.85 threshold.']
job_0115 [X5]: ['Intent token Jaccard similarity 0.88 > 0.85 threshold.']
job_0115 [X5]: ['Intent token Jaccard similarity 0.88 > 0.85 threshold.']
job_0115 [X5]: ['Intent token Jaccard similarity 0.88 > 0.85 threshold.']
job_0116 [X5]: ['Intent token Jaccard similarity 0.88 > 0.85 threshold.']
job_0116 [X5]: ['Intent token Jaccard similarity 0.88 > 0.85 threshold.']
job_0116 [X5]: ['Intent token Jaccard similarity 0.88 > 0.85 threshold.']
job_0116 [X5]: ['Intent token Jaccard similarity 0.88 > 0.85 threshold.']
job_0117 [X5]: ['Intent token Jaccard similarity 0.88 > 0.85 threshold.']
job_0117 [X5]: ['Intent token Jaccard similarity 0.88 > 0.85 threshold.']
job_0117 [X5]: ['Intent token Jaccard similarity 0.88 > 0.85 threshold.']
job_0117 [X5]: ['Intent token Jaccard similarity 0.88 > 0.85 threshold.']
job_0118 [X5]: ['Duplicate normalized intent detected.']
job_0118 [X5]: ['Duplicate normalized intent detected.']
job_0118 [X5]: ['Duplicate normalized intent detected.']
job_0118 [X5]: ['Duplicate normalized intent detected.']
job_0119 [X5]: ['Intent token Jaccard similarity 0.88 > 0.85 threshold.']
job_0119 [X5]: ['Intent token Jaccard similarity 0.88 > 0.85 threshold.']
job_0119 [X5]: ['Intent token Jaccard similarity 0.88 > 0.85 threshold.']
job_0119 [X5]: ['Intent token Jaccard similarity 0.88 > 0.85 threshold.']
job_0120 [X5]: ['Intent token Jaccard similarity 0.88 > 0.85 threshold.']
job_0120 [X5]: ['Intent token Jaccard similarity 0.88 > 0.85 threshold.']
job_0120 [X5]: ['Intent token Jaccard similarity 0.88 > 0.85 threshold.']
job_0120 [X5]: ['Intent token Jaccard similarity 0.88 > 0.85 threshold.']
job_0121 [X5]: ['Intent token Jaccard similarity 0.88 > 0.85 threshold.']
job_0121 [X5]: ['Intent token Jaccard similarity 0.88 > 0.85 threshold.']
job_0121 [X5]: ['Intent token Jaccard similarity 0.88 > 0.85 threshold.']
job_0121 [X5]: ['Intent token Jaccard similarity 0.88 > 0.85 threshold.']
job_0122 [X5]: ['Intent token Jaccard similarity 0.88 > 0.85 threshold.']
job_0122 [X5]: ['Intent token Jaccard similarity 0.88 > 0.85 threshold.']
job_0122 [X5]: ['Intent token Jaccard similarity 0.88 > 0.85 threshold.']
job_0122 [X5]: ['Intent token Jaccard similarity 0.88 > 0.85 threshold.']
job_0123 [X5]: ['Duplicate normalized intent detected.']
job_0123 [X5]: ['Duplicate normalized intent detected.']
job_0123 [X5]: ['Duplicate normalized intent detected.']
job_0123 [X5]: ['Duplicate normalized intent detected.']
job_0124 [X5]: ['Intent token Jaccard similarity 0.88 > 0.85 threshold.']
job_0124 [X5]: ['Intent token Jaccard similarity 0.88 > 0.85 threshold.']
job_0124 [X5]: ['Intent token Jaccard similarity 0.88 > 0.85 threshold.']
job_0124 [X5]: ['Intent token Jaccard similarity 0.88 > 0.85 threshold.']
job_0125 [X5]: ['Intent token Jaccard similarity 0.88 > 0.85 threshold.']
job_0125 [X5]: ['Intent token Jaccard similarity 0.88 > 0.85 threshold.']
job_0125 [X5]: ['Intent token Jaccard similarity 0.88 > 0.85 threshold.']
job_0125 [X5]: ['Intent token Jaccard similarity 0.88 > 0.85 threshold.']
job_0128 [X6]: ['Intent token Jaccard similarity 0.88 > 0.85 threshold.']
job_0128 [X6]: ['Intent token Jaccard similarity 0.88 > 0.85 threshold.']
job_0128 [X6]: ['Intent token Jaccard similarity 0.88 > 0.85 threshold.']
job_0128 [X6]: ['Intent token Jaccard similarity 0.88 > 0.85 threshold.']
job_0129 [X6]: ['Intent token Jaccard similarity 0.88 > 0.85 threshold.']
job_0129 [X6]: ['Intent token Jaccard similarity 0.88 > 0.85 threshold.']
job_0129 [X6]: ['Intent token Jaccard similarity 0.88 > 0.85 threshold.']
job_0129 [X6]: ['Intent token Jaccard similarity 0.88 > 0.85 threshold.']
job_0130 [X6]: ['Intent token Jaccard similarity 0.88 > 0.85 threshold.']
job_0130 [X6]: ['Intent token Jaccard similarity 0.88 > 0.85 threshold.']
job_0130 [X6]: ['Intent token Jaccard similarity 0.88 > 0.85 threshold.']
job_0130 [X6]: ['Intent token Jaccard similarity 0.88 > 0.85 threshold.']
job_0131 [X6]: ['Duplicate normalized intent detected.']
job_0131 [X6]: ['Duplicate normalized intent detected.']
job_0131 [X6]: ['Duplicate normalized intent detected.']
job_0131 [X6]: ['Duplicate normalized intent detected.']
job_0132 [X6]: ['Intent token Jaccard similarity 0.88 > 0.85 threshold.']
job_0132 [X6]: ['Intent token Jaccard similarity 0.88 > 0.85 threshold.']
job_0132 [X6]: ['Intent token Jaccard similarity 0.88 > 0.85 threshold.']
job_0132 [X6]: ['Intent token Jaccard similarity 0.88 > 0.85 threshold.']
job_0133 [X6]: ['Intent token Jaccard similarity 0.88 > 0.85 threshold.']
job_0133 [X6]: ['Intent token Jaccard similarity 0.88 > 0.85 threshold.']
job_0133 [X6]: ['Intent token Jaccard similarity 0.88 > 0.85 threshold.']
job_0133 [X6]: ['Intent token Jaccard similarity 0.88 > 0.85 threshold.']
job_0134 [X6]: ['Intent token Jaccard similarity 0.88 > 0.85 threshold.']
job_0134 [X6]: ['Intent token Jaccard similarity 0.88 > 0.85 threshold.']
job_0134 [X6]: ['Intent token Jaccard similarity 0.88 > 0.85 threshold.']
job_0134 [X6]: ['Intent token Jaccard similarity 0.88 > 0.85 threshold.']
job_0135 [X6]: ['Intent token Jaccard similarity 0.88 > 0.85 threshold.']
job_0135 [X6]: ['Intent token Jaccard similarity 0.88 > 0.85 threshold.']
job_0135 [X6]: ['Intent token Jaccard similarity 0.88 > 0.85 threshold.']
job_0135 [X6]: ['Intent token Jaccard similarity 0.88 > 0.85 threshold.']
job_0136 [X6]: ['Intent token Jaccard similarity 0.88 > 0.85 threshold.']
job_0136 [X6]: ['Intent token Jaccard similarity 0.88 > 0.85 threshold.']
job_0136 [X6]: ['Intent token Jaccard similarity 0.88 > 0.85 threshold.']
job_0136 [X6]: ['Intent token Jaccard similarity 0.88 > 0.85 threshold.']
job_0137 [X6]: ['Intent token Jaccard similarity 0.88 > 0.85 threshold.']
job_0137 [X6]: ['Intent token Jaccard similarity 0.88 > 0.85 threshold.']
job_0137 [X6]: ['Intent token Jaccard similarity 0.88 > 0.85 threshold.']
job_0137 [X6]: ['Intent token Jaccard similarity 0.88 > 0.85 threshold.']
job_0138 [X6]: ['Intent token Jaccard similarity 0.88 > 0.85 threshold.']
job_0138 [X6]: ['Intent token Jaccard similarity 0.88 > 0.85 threshold.']
job_0138 [X6]: ['Intent token Jaccard similarity 0.88 > 0.85 threshold.']
job_0138 [X6]: ['Intent token Jaccard similarity 0.88 > 0.85 threshold.']
job_0139 [X6]: ['Intent token Jaccard similarity 0.88 > 0.85 threshold.']
job_0139 [X6]: ['Intent token Jaccard similarity 0.88 > 0.85 threshold.']
job_0139 [X6]: ['Intent token Jaccard similarity 0.88 > 0.85 threshold.']
job_0139 [X6]: ['Intent token Jaccard similarity 0.88 > 0.85 threshold.']
job_0140 [X6]: ['Intent token Jaccard similarity 0.88 > 0.85 threshold.']
job_0140 [X6]: ['Intent token Jaccard similarity 0.88 > 0.85 threshold.']
job_0140 [X6]: ['Intent token Jaccard similarity 0.88 > 0.85 threshold.']
job_0140 [X6]: ['Intent token Jaccard similarity 0.88 > 0.85 threshold.']
job_0141 [X6]: ['Intent token Jaccard similarity 0.88 > 0.85 threshold.']
job_0141 [X6]: ['Intent token Jaccard similarity 0.88 > 0.85 threshold.']
job_0141 [X6]: ['Intent token Jaccard similarity 0.88 > 0.85 threshold.']
job_0141 [X6]: ['Intent token Jaccard similarity 0.88 > 0.85 threshold.']
job_0142 [X6]: ['Intent token Jaccard similarity 0.88 > 0.85 threshold.']
job_0142 [X6]: ['Intent token Jaccard similarity 0.88 > 0.85 threshold.']
job_0142 [X6]: ['Intent token Jaccard similarity 0.88 > 0.85 threshold.']
job_0142 [X6]: ['Intent token Jaccard similarity 0.88 > 0.85 threshold.']
job_0143 [X6]: ['Duplicate normalized intent detected.']
job_0143 [X6]: ['Duplicate normalized intent detected.']
job_0143 [X6]: ['Duplicate normalized intent detected.']
job_0143 [X6]: ['Duplicate normalized intent detected.']
job_0144 [X6]: ['Duplicate normalized intent detected.']
job_0144 [X6]: ['Duplicate normalized intent detected.']
job_0144 [X6]: ['Duplicate normalized intent detected.']
job_0144 [X6]: ['Duplicate normalized intent detected.']
job_0145 [X6]: ['Duplicate normalized intent detected.']
job_0145 [X6]: ['Duplicate normalized intent detected.']
job_0145 [X6]: ['Duplicate normalized intent detected.']
job_0145 [X6]: ['Duplicate normalized intent detected.']
job_0148 [X7]: ['Duplicate normalized intent detected.']
job_0148 [X7]: ['Duplicate normalized intent detected.']
job_0148 [X7]: ['Duplicate normalized intent detected.']
job_0148 [X7]: ['Duplicate normalized intent detected.']
job_0149 [X7]: ['Duplicate normalized intent detected.']
job_0149 [X7]: ['Duplicate normalized intent detected.']
job_0149 [X7]: ['Duplicate normalized intent detected.']
job_0149 [X7]: ['Duplicate normalized intent detected.']
job_0150 [X7]: ['Duplicate normalized intent detected.']
job_0150 [X7]: ['Duplicate normalized intent detected.']
job_0150 [X7]: ['Duplicate normalized intent detected.']
job_0150 [X7]: ['Duplicate normalized intent detected.']
job_0151 [X7]: ['Duplicate normalized intent detected.']
job_0151 [X7]: ['Duplicate normalized intent detected.']
job_0151 [X7]: ['Duplicate normalized intent detected.']
job_0151 [X7]: ['Duplicate normalized intent detected.']
job_0152 [X7]: ['Duplicate normalized intent detected.']
job_0152 [X7]: ['Duplicate normalized intent detected.']
job_0152 [X7]: ['Duplicate normalized intent detected.']
job_0152 [X7]: ['Duplicate normalized intent detected.']
job_0153 [X7]: ['Duplicate normalized intent detected.']
job_0153 [X7]: ['Duplicate normalized intent detected.']
job_0153 [X7]: ['Duplicate normalized intent detected.']
job_0153 [X7]: ['Duplicate normalized intent detected.']
job_0154 [X7]: ['Duplicate normalized intent detected.']
job_0154 [X7]: ['Duplicate normalized intent detected.']
job_0154 [X7]: ['Duplicate normalized intent detected.']
job_0154 [X7]: ['Duplicate normalized intent detected.']
job_0155 [X7]: ['Duplicate normalized intent detected.']
job_0155 [X7]: ['Duplicate normalized intent detected.']
job_0155 [X7]: ['Duplicate normalized intent detected.']
job_0155 [X7]: ['Duplicate normalized intent detected.']
job_0156 [X7]: ['Duplicate normalized intent detected.']
job_0156 [X7]: ['Duplicate normalized intent detected.']
job_0156 [X7]: ['Duplicate normalized intent detected.']
job_0156 [X7]: ['Duplicate normalized intent detected.']
job_0157 [X7]: ['Duplicate normalized intent detected.']
job_0157 [X7]: ['Duplicate normalized intent detected.']
job_0157 [X7]: ['Duplicate normalized intent detected.']
job_0157 [X7]: ['Duplicate normalized intent detected.']
job_0158 [X7]: ['Duplicate normalized intent detected.']
job_0158 [X7]: ['Duplicate normalized intent detected.']
job_0158 [X7]: ['Duplicate normalized intent detected.']
job_0158 [X7]: ['Duplicate normalized intent detected.']
job_0159 [X7]: ['Duplicate normalized intent detected.']
job_0159 [X7]: ['Duplicate normalized intent detected.']
job_0159 [X7]: ['Duplicate normalized intent detected.']
job_0159 [X7]: ['Duplicate normalized intent detected.']
job_0160 [X7]: ['Duplicate normalized intent detected.']
job_0160 [X7]: ['Duplicate normalized intent detected.']
job_0160 [X7]: ['Duplicate normalized intent detected.']
job_0160 [X7]: ['Duplicate normalized intent detected.']
job_0167 [X8]: ['Intent token Jaccard similarity 0.89 > 0.85 threshold.']
job_0167 [X8]: ['Intent token Jaccard similarity 0.89 > 0.85 threshold.']
job_0167 [X8]: ['Intent token Jaccard similarity 0.89 > 0.85 threshold.']
job_0167 [X8]: ['Intent token Jaccard similarity 0.89 > 0.85 threshold.']
job_0173 [X9]: ['Duplicate normalized intent detected.']
job_0173 [X9]: ['Duplicate normalized intent detected.']
job_0173 [X9]: ['Duplicate normalized intent detected.']
job_0173 [X9]: ['Duplicate normalized intent detected.']
job_0174 [X9]: ['Duplicate normalized intent detected.']
job_0174 [X9]: ['Duplicate normalized intent detected.']
job_0174 [X9]: ['Duplicate normalized intent detected.']
job_0174 [X9]: ['Duplicate normalized intent detected.']
job_0175 [X9]: ['Duplicate normalized intent detected.']
job_0175 [X9]: ['Duplicate normalized intent detected.']
job_0175 [X9]: ['Duplicate normalized intent detected.']
job_0175 [X9]: ['Duplicate normalized intent detected.']
job_0176 [X9]: ['Duplicate normalized intent detected.']
job_0176 [X9]: ['Duplicate normalized intent detected.']
job_0176 [X9]: ['Duplicate normalized intent detected.']
job_0176 [X9]: ['Duplicate normalized intent detected.']
job_0177 [X9]: ['Duplicate normalized intent detected.']
job_0177 [X9]: ['Duplicate normalized intent detected.']
job_0177 [X9]: ['Duplicate normalized intent detected.']
job_0177 [X9]: ['Duplicate normalized intent detected.']
job_0178 [X9]: ['Duplicate normalized intent detected.']
job_0178 [X9]: ['Duplicate normalized intent detected.']
job_0178 [X9]: ['Duplicate normalized intent detected.']
job_0178 [X9]: ['Duplicate normalized intent detected.']
job_0179 [X9]: ['Duplicate normalized intent detected.']
job_0179 [X9]: ['Duplicate normalized intent detected.']
job_0179 [X9]: ['Duplicate normalized intent detected.']
job_0179 [X9]: ['Duplicate normalized intent detected.']
job_0180 [X9]: ['Duplicate normalized intent detected.']
job_0180 [X9]: ['Duplicate normalized intent detected.']
job_0180 [X9]: ['Duplicate normalized intent detected.']
job_0180 [X9]: ['Duplicate normalized intent detected.']
job_0183 [K1]: ['Duplicate normalized intent detected.']
job_0183 [K1]: ['Duplicate normalized intent detected.']
job_0183 [K1]: ['Duplicate normalized intent detected.']
job_0183 [K1]: ['Duplicate normalized intent detected.']
job_0184 [K1]: ['Duplicate normalized intent detected.']
job_0184 [K1]: ['Duplicate normalized intent detected.']
job_0184 [K1]: ['Duplicate normalized intent detected.']
job_0184 [K1]: ['Duplicate normalized intent detected.']
job_0185 [K1]: ['Duplicate normalized intent detected.']
job_0185 [K1]: ['Duplicate normalized intent detected.']
job_0185 [K1]: ['Duplicate normalized intent detected.']
job_0185 [K1]: ['Duplicate normalized intent detected.']
job_0186 [K1]: ['Duplicate normalized intent detected.']
job_0186 [K1]: ['Duplicate normalized intent detected.']
job_0186 [K1]: ['Duplicate normalized intent detected.']
job_0186 [K1]: ['Duplicate normalized intent detected.']
job_0187 [K1]: ['Duplicate normalized intent detected.']
job_0187 [K1]: ['Duplicate normalized intent detected.']
job_0187 [K1]: ['Duplicate normalized intent detected.']
job_0187 [K1]: ['Duplicate normalized intent detected.']
job_0188 [K1]: ['Duplicate normalized intent detected.']
job_0188 [K1]: ['Duplicate normalized intent detected.']
job_0188 [K1]: ['Duplicate normalized intent detected.']
job_0188 [K1]: ['Duplicate normalized intent detected.']
job_0189 [K1]: ['Duplicate normalized intent detected.']
job_0189 [K1]: ['Duplicate normalized intent detected.']
job_0189 [K1]: ['Duplicate normalized intent detected.']
job_0189 [K1]: ['Duplicate normalized intent detected.']
job_0190 [K1]: ['Duplicate normalized intent detected.']
job_0190 [K1]: ['Duplicate normalized intent detected.']
job_0190 [K1]: ['Duplicate normalized intent detected.']
job_0190 [K1]: ['Duplicate normalized intent detected.']
job_0191 [K1]: ['Duplicate normalized intent detected.']
job_0191 [K1]: ['Duplicate normalized intent detected.']
job_0191 [K1]: ['Duplicate normalized intent detected.']
job_0191 [K1]: ['Duplicate normalized intent detected.']
job_0192 [K1]: ['Duplicate normalized intent detected.']
job_0192 [K1]: ['Duplicate normalized intent detected.']
job_0192 [K1]: ['Duplicate normalized intent detected.']
job_0192 [K1]: ['Duplicate normalized intent detected.']
job_0193 [K1]: ['Duplicate normalized intent detected.']
job_0193 [K1]: ['Duplicate normalized intent detected.']
job_0193 [K1]: ['Duplicate normalized intent detected.']
job_0193 [K1]: ['Duplicate normalized intent detected.']
job_0194 [K1]: ['Duplicate normalized intent detected.']
job_0194 [K1]: ['Duplicate normalized intent detected.']
job_0194 [K1]: ['Duplicate normalized intent detected.']
job_0194 [K1]: ['Duplicate normalized intent detected.']
job_0195 [K1]: ['Duplicate normalized intent detected.']
job_0195 [K1]: ['Duplicate normalized intent detected.']
job_0195 [K1]: ['Duplicate normalized intent detected.']
job_0195 [K1]: ['Duplicate normalized intent detected.']
job_0196 [K1]: ['Duplicate normalized intent detected.']
job_0196 [K1]: ['Duplicate normalized intent detected.']
job_0196 [K1]: ['Duplicate normalized intent detected.']
job_0196 [K1]: ['Duplicate normalized intent detected.']
job_0197 [K1]: ['Duplicate normalized intent detected.']
job_0197 [K1]: ['Duplicate normalized intent detected.']
job_0197 [K1]: ['Duplicate normalized intent detected.']
job_0197 [K1]: ['Duplicate normalized intent detected.']
job_0198 [K1]: ['Duplicate normalized intent detected.']
job_0198 [K1]: ['Duplicate normalized intent detected.']
job_0198 [K1]: ['Duplicate normalized intent detected.']
job_0198 [K1]: ['Duplicate normalized intent detected.']
job_0199 [K1]: ['Duplicate normalized intent detected.']
job_0199 [K1]: ['Duplicate normalized intent detected.']
job_0199 [K1]: ['Duplicate normalized intent detected.']
job_0199 [K1]: ['Duplicate normalized intent detected.']
job_0200 [K1]: ['Duplicate normalized intent detected.']
job_0200 [K1]: ['Duplicate normalized intent detected.']
job_0200 [K1]: ['Duplicate normalized intent detected.']
job_0200 [K1]: ['Duplicate normalized intent detected.']
job_0201 [K1]: ['Duplicate normalized intent detected.']
job_0201 [K1]: ['Duplicate normalized intent detected.']
job_0201 [K1]: ['Duplicate normalized intent detected.']
job_0201 [K1]: ['Duplicate normalized intent detected.']
job_0202 [K1]: ['Duplicate normalized intent detected.']
job_0202 [K1]: ['Duplicate normalized intent detected.']
job_0202 [K1]: ['Duplicate normalized intent detected.']
job_0202 [K1]: ['Duplicate normalized intent detected.']
job_0203 [K1]: ['Duplicate normalized intent detected.']
job_0203 [K1]: ['Duplicate normalized intent detected.']
job_0203 [K1]: ['Duplicate normalized intent detected.']
job_0203 [K1]: ['Duplicate normalized intent detected.']
job_0204 [K1]: ['Duplicate normalized intent detected.']
job_0204 [K1]: ['Duplicate normalized intent detected.']
job_0204 [K1]: ['Duplicate normalized intent detected.']
job_0204 [K1]: ['Duplicate normalized intent detected.']
job_0205 [K1]: ['Duplicate normalized intent detected.']
job_0205 [K1]: ['Duplicate normalized intent detected.']
job_0205 [K1]: ['Duplicate normalized intent detected.']
job_0205 [K1]: ['Duplicate normalized intent detected.']
job_0206 [K1]: ['Duplicate normalized intent detected.']
job_0206 [K1]: ['Duplicate normalized intent detected.']
job_0206 [K1]: ['Duplicate normalized intent detected.']
job_0206 [K1]: ['Duplicate normalized intent detected.']
job_0207 [K1]: ['Duplicate normalized intent detected.']
job_0207 [K1]: ['Duplicate normalized intent detected.']
job_0207 [K1]: ['Duplicate normalized intent detected.']
job_0207 [K1]: ['Duplicate normalized intent detected.']
job_0208 [K1]: ['Duplicate normalized intent detected.']
job_0208 [K1]: ['Duplicate normalized intent detected.']
job_0208 [K1]: ['Duplicate normalized intent detected.']
job_0208 [K1]: ['Duplicate normalized intent detected.']
job_0209 [K1]: ['Duplicate normalized intent detected.']
job_0209 [K1]: ['Duplicate normalized intent detected.']
job_0209 [K1]: ['Duplicate normalized intent detected.']
job_0209 [K1]: ['Duplicate normalized intent detected.']
job_0210 [K1]: ['Duplicate normalized intent detected.']
job_0210 [K1]: ['Duplicate normalized intent detected.']
job_0210 [K1]: ['Duplicate normalized intent detected.']
job_0210 [K1]: ['Duplicate normalized intent detected.']
job_0214 [K2]: ['Intent token Jaccard similarity 0.88 > 0.85 threshold.']
job_0214 [K2]: ['Intent token Jaccard similarity 0.88 > 0.85 threshold.']
job_0214 [K2]: ['Intent token Jaccard similarity 0.88 > 0.85 threshold.']
job_0214 [K2]: ['Intent token Jaccard similarity 0.88 > 0.85 threshold.']
job_0217 [K2]: ['Duplicate normalized intent detected.']
job_0217 [K2]: ['Duplicate normalized intent detected.']
job_0217 [K2]: ['Duplicate normalized intent detected.']
job_0217 [K2]: ['Duplicate normalized intent detected.']
job_0218 [K2]: ['Duplicate normalized intent detected.']
job_0218 [K2]: ['Duplicate normalized intent detected.']
job_0218 [K2]: ['Duplicate normalized intent detected.']
job_0218 [K2]: ['Duplicate normalized intent detected.']
job_0219 [K2]: ['Intent token Jaccard similarity 0.88 > 0.85 threshold.']
job_0219 [K2]: ['Intent token Jaccard similarity 0.88 > 0.85 threshold.']
job_0219 [K2]: ['Intent token Jaccard similarity 0.88 > 0.85 threshold.']
job_0219 [K2]: ['Intent token Jaccard similarity 0.88 > 0.85 threshold.']
job_0220 [K2]: ['Duplicate normalized intent detected.']
job_0220 [K2]: ['Duplicate normalized intent detected.']
job_0220 [K2]: ['Duplicate normalized intent detected.']
job_0220 [K2]: ['Duplicate normalized intent detected.']
job_0221 [K2]: ['Duplicate normalized intent detected.']
job_0221 [K2]: ['Duplicate normalized intent detected.']
job_0221 [K2]: ['Duplicate normalized intent detected.']
job_0221 [K2]: ['Duplicate normalized intent detected.']
job_0222 [K2]: ['Intent token Jaccard similarity 0.88 > 0.85 threshold.']
job_0222 [K2]: ['Intent token Jaccard similarity 0.88 > 0.85 threshold.']
job_0222 [K2]: ['Intent token Jaccard similarity 0.88 > 0.85 threshold.']
job_0222 [K2]: ['Intent token Jaccard similarity 0.88 > 0.85 threshold.']
job_0224 [K2]: ['Intent token Jaccard similarity 0.88 > 0.85 threshold.']
job_0224 [K2]: ['Intent token Jaccard similarity 0.88 > 0.85 threshold.']
job_0224 [K2]: ['Intent token Jaccard similarity 0.88 > 0.85 threshold.']
job_0224 [K2]: ['Intent token Jaccard similarity 0.88 > 0.85 threshold.']
job_0225 [K2]: ['Intent token Jaccard similarity 0.88 > 0.85 threshold.']
job_0225 [K2]: ['Intent token Jaccard similarity 0.88 > 0.85 threshold.']
job_0225 [K2]: ['Intent token Jaccard similarity 0.88 > 0.85 threshold.']
job_0225 [K2]: ['Intent token Jaccard similarity 0.88 > 0.85 threshold.']
job_0226 [K2]: ['Intent token Jaccard similarity 0.88 > 0.85 threshold.']
job_0226 [K2]: ['Intent token Jaccard similarity 0.88 > 0.85 threshold.']
job_0226 [K2]: ['Intent token Jaccard similarity 0.88 > 0.85 threshold.']
job_0226 [K2]: ['Intent token Jaccard similarity 0.88 > 0.85 threshold.']
job_0227 [K2]: ['Intent token Jaccard similarity 0.88 > 0.85 threshold.']
job_0227 [K2]: ['Intent token Jaccard similarity 0.88 > 0.85 threshold.']
job_0227 [K2]: ['Intent token Jaccard similarity 0.88 > 0.85 threshold.']
job_0227 [K2]: ['Intent token Jaccard similarity 0.88 > 0.85 threshold.']
job_0228 [K2]: ['Intent token Jaccard similarity 0.88 > 0.85 threshold.']
job_0228 [K2]: ['Intent token Jaccard similarity 0.88 > 0.85 threshold.']
job_0228 [K2]: ['Intent token Jaccard similarity 0.88 > 0.85 threshold.']
job_0228 [K2]: ['Intent token Jaccard similarity 0.88 > 0.85 threshold.']
job_0229 [K2]: ['Duplicate normalized intent detected.']
job_0229 [K2]: ['Duplicate normalized intent detected.']
job_0229 [K2]: ['Duplicate normalized intent detected.']
job_0229 [K2]: ['Duplicate normalized intent detected.']
job_0230 [K2]: ['Intent token Jaccard similarity 0.88 > 0.85 threshold.']
job_0230 [K2]: ['Intent token Jaccard similarity 0.88 > 0.85 threshold.']
job_0230 [K2]: ['Intent token Jaccard similarity 0.88 > 0.85 threshold.']
job_0230 [K2]: ['Intent token Jaccard similarity 0.88 > 0.85 threshold.']
job_0231 [K2]: ['Intent token Jaccard similarity 0.88 > 0.85 threshold.']
job_0231 [K2]: ['Intent token Jaccard similarity 0.88 > 0.85 threshold.']
job_0231 [K2]: ['Intent token Jaccard similarity 0.88 > 0.85 threshold.']
job_0231 [K2]: ['Intent token Jaccard similarity 0.88 > 0.85 threshold.']
job_0232 [K2]: ['Intent token Jaccard similarity 0.88 > 0.85 threshold.']
job_0232 [K2]: ['Intent token Jaccard similarity 0.88 > 0.85 threshold.']
job_0232 [K2]: ['Intent token Jaccard similarity 0.88 > 0.85 threshold.']
job_0232 [K2]: ['Intent token Jaccard similarity 0.88 > 0.85 threshold.']
job_0233 [K2]: ['Duplicate normalized intent detected.']
job_0233 [K2]: ['Duplicate normalized intent detected.']
job_0233 [K2]: ['Duplicate normalized intent detected.']
job_0233 [K2]: ['Duplicate normalized intent detected.']
job_0234 [K2]: ['Intent token Jaccard similarity 0.88 > 0.85 threshold.']
job_0234 [K2]: ['Intent token Jaccard similarity 0.88 > 0.85 threshold.']
job_0234 [K2]: ['Intent token Jaccard similarity 0.88 > 0.85 threshold.']
job_0234 [K2]: ['Intent token Jaccard similarity 0.88 > 0.85 threshold.']
job_0235 [K2]: ['Intent token Jaccard similarity 0.88 > 0.85 threshold.']
job_0235 [K2]: ['Intent token Jaccard similarity 0.88 > 0.85 threshold.']
job_0235 [K2]: ['Intent token Jaccard similarity 0.88 > 0.85 threshold.']
job_0235 [K2]: ['Intent token Jaccard similarity 0.88 > 0.85 threshold.']
job_0236 [K2]: ['Duplicate normalized intent detected.']
job_0236 [K2]: ['Duplicate normalized intent detected.']
job_0236 [K2]: ['Duplicate normalized intent detected.']
job_0236 [K2]: ['Duplicate normalized intent detected.']
job_0237 [K2]: ['Intent token Jaccard similarity 0.88 > 0.85 threshold.']
job_0237 [K2]: ['Intent token Jaccard similarity 0.88 > 0.85 threshold.']
job_0237 [K2]: ['Intent token Jaccard similarity 0.88 > 0.85 threshold.']
job_0237 [K2]: ['Intent token Jaccard similarity 0.88 > 0.85 threshold.']
job_0238 [K2]: ['Duplicate normalized intent detected.']
job_0238 [K2]: ['Duplicate normalized intent detected.']
job_0238 [K2]: ['Duplicate normalized intent detected.']
job_0238 [K2]: ['Duplicate normalized intent detected.']
job_0239 [K2]: ['Intent token Jaccard similarity 0.88 > 0.85 threshold.']
job_0239 [K2]: ['Intent token Jaccard similarity 0.88 > 0.85 threshold.']
job_0239 [K2]: ['Intent token Jaccard similarity 0.88 > 0.85 threshold.']
job_0239 [K2]: ['Intent token Jaccard similarity 0.88 > 0.85 threshold.']
job_0243 [K3]: ['Intent token Jaccard similarity 0.88 > 0.85 threshold.']
job_0243 [K3]: ['Intent token Jaccard similarity 0.88 > 0.85 threshold.']
job_0243 [K3]: ['Intent token Jaccard similarity 0.88 > 0.85 threshold.']
job_0243 [K3]: ['Intent token Jaccard similarity 0.88 > 0.85 threshold.']
job_0244 [K3]: ['Intent token Jaccard similarity 0.88 > 0.85 threshold.']
job_0244 [K3]: ['Intent token Jaccard similarity 0.88 > 0.85 threshold.']
job_0244 [K3]: ['Intent token Jaccard similarity 0.88 > 0.85 threshold.']
job_0244 [K3]: ['Intent token Jaccard similarity 0.88 > 0.85 threshold.']
job_0247 [K3]: ['Intent token Jaccard similarity 0.88 > 0.85 threshold.']
job_0247 [K3]: ['Intent token Jaccard similarity 0.88 > 0.85 threshold.']
job_0247 [K3]: ['Intent token Jaccard similarity 0.88 > 0.85 threshold.']
job_0247 [K3]: ['Intent token Jaccard similarity 0.88 > 0.85 threshold.']
job_0248 [K3]: ['Intent token Jaccard similarity 0.88 > 0.85 threshold.']
job_0248 [K3]: ['Intent token Jaccard similarity 0.88 > 0.85 threshold.']
job_0248 [K3]: ['Intent token Jaccard similarity 0.88 > 0.85 threshold.']
job_0248 [K3]: ['Intent token Jaccard similarity 0.88 > 0.85 threshold.']
job_0250 [K3]: ['Intent token Jaccard similarity 0.88 > 0.85 threshold.']
job_0250 [K3]: ['Intent token Jaccard similarity 0.88 > 0.85 threshold.']
job_0250 [K3]: ['Intent token Jaccard similarity 0.88 > 0.85 threshold.']
job_0250 [K3]: ['Intent token Jaccard similarity 0.88 > 0.85 threshold.']
job_0251 [K3]: ['Intent token Jaccard similarity 0.88 > 0.85 threshold.']
job_0251 [K3]: ['Intent token Jaccard similarity 0.88 > 0.85 threshold.']
job_0251 [K3]: ['Intent token Jaccard similarity 0.88 > 0.85 threshold.']
job_0251 [K3]: ['Intent token Jaccard similarity 0.88 > 0.85 threshold.']
job_0252 [K3]: ['Intent token Jaccard similarity 0.88 > 0.85 threshold.']
job_0252 [K3]: ['Intent token Jaccard similarity 0.88 > 0.85 threshold.']
job_0252 [K3]: ['Intent token Jaccard similarity 0.88 > 0.85 threshold.']
job_0252 [K3]: ['Intent token Jaccard similarity 0.88 > 0.85 threshold.']
job_0254 [K3]: ['Intent token Jaccard similarity 0.88 > 0.85 threshold.']
job_0254 [K3]: ['Intent token Jaccard similarity 0.88 > 0.85 threshold.']
job_0254 [K3]: ['Intent token Jaccard similarity 0.88 > 0.85 threshold.']
job_0254 [K3]: ['Intent token Jaccard similarity 0.88 > 0.85 threshold.']
job_0255 [K3]: ['Intent token Jaccard similarity 0.88 > 0.85 threshold.']
job_0255 [K3]: ['Intent token Jaccard similarity 0.88 > 0.85 threshold.']
job_0255 [K3]: ['Intent token Jaccard similarity 0.88 > 0.85 threshold.']
job_0255 [K3]: ['Intent token Jaccard similarity 0.88 > 0.85 threshold.']
job_0257 [K3]: ['Intent token Jaccard similarity 0.88 > 0.85 threshold.']
job_0257 [K3]: ['Intent token Jaccard similarity 0.88 > 0.85 threshold.']
job_0257 [K3]: ['Intent token Jaccard similarity 0.88 > 0.85 threshold.']
job_0257 [K3]: ['Intent token Jaccard similarity 0.88 > 0.85 threshold.']
job_0260 [K3]: ['Intent token Jaccard similarity 0.88 > 0.85 threshold.']
job_0260 [K3]: ['Intent token Jaccard similarity 0.88 > 0.85 threshold.']
job_0260 [K3]: ['Intent token Jaccard similarity 0.88 > 0.85 threshold.']
job_0260 [K3]: ['Intent token Jaccard similarity 0.88 > 0.85 threshold.']
job_0262 [K4]: ['Intent token Jaccard similarity 0.88 > 0.85 threshold.']
job_0262 [K4]: ['Intent token Jaccard similarity 0.88 > 0.85 threshold.']
job_0262 [K4]: ['Intent token Jaccard similarity 0.88 > 0.85 threshold.']
job_0262 [K4]: ['Intent token Jaccard similarity 0.88 > 0.85 threshold.']
job_0263 [K4]: ['Duplicate normalized intent detected.']
job_0263 [K4]: ['Duplicate normalized intent detected.']
job_0263 [K4]: ['Duplicate normalized intent detected.']
job_0263 [K4]: ['Duplicate normalized intent detected.']
job_0264 [K4]: ['Intent token Jaccard similarity 0.88 > 0.85 threshold.']
job_0264 [K4]: ['Intent token Jaccard similarity 0.88 > 0.85 threshold.']
job_0264 [K4]: ['Intent token Jaccard similarity 0.88 > 0.85 threshold.']
job_0264 [K4]: ['Intent token Jaccard similarity 0.88 > 0.85 threshold.']
job_0265 [K4]: ['Duplicate normalized intent detected.']
job_0265 [K4]: ['Duplicate normalized intent detected.']
job_0265 [K4]: ['Duplicate normalized intent detected.']
job_0265 [K4]: ['Duplicate normalized intent detected.']
job_0266 [K4]: ['Intent token Jaccard similarity 0.88 > 0.85 threshold.']
job_0266 [K4]: ['Intent token Jaccard similarity 0.88 > 0.85 threshold.']
job_0266 [K4]: ['Intent token Jaccard similarity 0.88 > 0.85 threshold.']
job_0266 [K4]: ['Intent token Jaccard similarity 0.88 > 0.85 threshold.']
job_0267 [K4]: ['Duplicate normalized intent detected.']
job_0267 [K4]: ['Duplicate normalized intent detected.']
job_0267 [K4]: ['Duplicate normalized intent detected.']
job_0267 [K4]: ['Duplicate normalized intent detected.']
job_0268 [K4]: ['Intent token Jaccard similarity 0.88 > 0.85 threshold.']
job_0268 [K4]: ['Intent token Jaccard similarity 0.88 > 0.85 threshold.']
job_0268 [K4]: ['Intent token Jaccard similarity 0.88 > 0.85 threshold.']
job_0268 [K4]: ['Intent token Jaccard similarity 0.88 > 0.85 threshold.']
job_0269 [K4]: ['Duplicate normalized intent detected.']
job_0269 [K4]: ['Duplicate normalized intent detected.']
job_0269 [K4]: ['Duplicate normalized intent detected.']
job_0269 [K4]: ['Duplicate normalized intent detected.']
job_0270 [K4]: ['Intent token Jaccard similarity 0.88 > 0.85 threshold.']
job_0270 [K4]: ['Intent token Jaccard similarity 0.88 > 0.85 threshold.']
job_0270 [K4]: ['Intent token Jaccard similarity 0.88 > 0.85 threshold.']
job_0270 [K4]: ['Intent token Jaccard similarity 0.88 > 0.85 threshold.']
job_0271 [K4]: ['Duplicate normalized intent detected.']
job_0271 [K4]: ['Duplicate normalized intent detected.']
job_0271 [K4]: ['Duplicate normalized intent detected.']
job_0271 [K4]: ['Duplicate normalized intent detected.']
job_0272 [K4]: ['Intent token Jaccard similarity 0.88 > 0.85 threshold.']
job_0272 [K4]: ['Intent token Jaccard similarity 0.88 > 0.85 threshold.']
job_0272 [K4]: ['Intent token Jaccard similarity 0.88 > 0.85 threshold.']
job_0272 [K4]: ['Intent token Jaccard similarity 0.88 > 0.85 threshold.']
job_0273 [K4]: ['Duplicate normalized intent detected.']
job_0273 [K4]: ['Duplicate normalized intent detected.']
job_0273 [K4]: ['Duplicate normalized intent detected.']
job_0273 [K4]: ['Duplicate normalized intent detected.']
job_0274 [K4]: ['Intent token Jaccard similarity 0.88 > 0.85 threshold.']
job_0274 [K4]: ['Intent token Jaccard similarity 0.88 > 0.85 threshold.']
job_0274 [K4]: ['Intent token Jaccard similarity 0.88 > 0.85 threshold.']
job_0274 [K4]: ['Intent token Jaccard similarity 0.88 > 0.85 threshold.']
job_0275 [K4]: ['Duplicate normalized intent detected.']
job_0275 [K4]: ['Duplicate normalized intent detected.']
job_0275 [K4]: ['Duplicate normalized intent detected.']
job_0275 [K4]: ['Duplicate normalized intent detected.']
job_0276 [K4]: ['Intent token Jaccard similarity 0.88 > 0.85 threshold.']
job_0276 [K4]: ['Intent token Jaccard similarity 0.88 > 0.85 threshold.']
job_0276 [K4]: ['Intent token Jaccard similarity 0.88 > 0.85 threshold.']
job_0276 [K4]: ['Intent token Jaccard similarity 0.88 > 0.85 threshold.']
job_0277 [K4]: ['Duplicate normalized intent detected.']
job_0277 [K4]: ['Duplicate normalized intent detected.']
job_0277 [K4]: ['Duplicate normalized intent detected.']
job_0277 [K4]: ['Duplicate normalized intent detected.']
job_0278 [K4]: ['Intent token Jaccard similarity 0.88 > 0.85 threshold.']
job_0278 [K4]: ['Intent token Jaccard similarity 0.88 > 0.85 threshold.']
job_0278 [K4]: ['Intent token Jaccard similarity 0.88 > 0.85 threshold.']
job_0278 [K4]: ['Intent token Jaccard similarity 0.88 > 0.85 threshold.']
job_0279 [K4]: ['Duplicate normalized intent detected.']
job_0279 [K4]: ['Duplicate normalized intent detected.']
job_0279 [K4]: ['Duplicate normalized intent detected.']
job_0279 [K4]: ['Duplicate normalized intent detected.']
job_0280 [K4]: ['Intent token Jaccard similarity 0.88 > 0.85 threshold.']
job_0280 [K4]: ['Intent token Jaccard similarity 0.88 > 0.85 threshold.']
job_0280 [K4]: ['Intent token Jaccard similarity 0.88 > 0.85 threshold.']
job_0280 [K4]: ['Intent token Jaccard similarity 0.88 > 0.85 threshold.']
job_0284 [K5]: ['Intent token Jaccard similarity 0.94 > 0.85 threshold.']
job_0284 [K5]: ['Intent token Jaccard similarity 0.94 > 0.85 threshold.']
job_0284 [K5]: ['Intent token Jaccard similarity 0.94 > 0.85 threshold.']
job_0284 [K5]: ['Intent token Jaccard similarity 0.94 > 0.85 threshold.']
job_0285 [K5]: ['Intent token Jaccard similarity 0.93 > 0.85 threshold.']
job_0285 [K5]: ['Intent token Jaccard similarity 0.93 > 0.85 threshold.']
job_0285 [K5]: ['Intent token Jaccard similarity 0.93 > 0.85 threshold.']
job_0285 [K5]: ['Intent token Jaccard similarity 0.93 > 0.85 threshold.']
job_0286 [K5]: ['Intent token Jaccard similarity 0.94 > 0.85 threshold.']
job_0286 [K5]: ['Intent token Jaccard similarity 0.94 > 0.85 threshold.']
job_0286 [K5]: ['Intent token Jaccard similarity 0.94 > 0.85 threshold.']
job_0286 [K5]: ['Intent token Jaccard similarity 0.94 > 0.85 threshold.']
job_0287 [K5]: ['Duplicate normalized intent detected.']
job_0287 [K5]: ['Duplicate normalized intent detected.']
job_0287 [K5]: ['Duplicate normalized intent detected.']
job_0287 [K5]: ['Duplicate normalized intent detected.']
job_0288 [K5]: ['Duplicate normalized intent detected.']
job_0288 [K5]: ['Duplicate normalized intent detected.']
job_0288 [K5]: ['Duplicate normalized intent detected.']
job_0288 [K5]: ['Duplicate normalized intent detected.']
job_0289 [K5]: ['Intent token Jaccard similarity 0.93 > 0.85 threshold.']
job_0289 [K5]: ['Intent token Jaccard similarity 0.93 > 0.85 threshold.']
job_0289 [K5]: ['Intent token Jaccard similarity 0.93 > 0.85 threshold.']
job_0289 [K5]: ['Intent token Jaccard similarity 0.93 > 0.85 threshold.']
job_0290 [K5]: ['Duplicate normalized intent detected.']
job_0290 [K5]: ['Duplicate normalized intent detected.']
job_0290 [K5]: ['Duplicate normalized intent detected.']
job_0290 [K5]: ['Duplicate normalized intent detected.']
job_0291 [K5]: ['Duplicate normalized intent detected.']
job_0291 [K5]: ['Duplicate normalized intent detected.']
job_0291 [K5]: ['Duplicate normalized intent detected.']
job_0291 [K5]: ['Duplicate normalized intent detected.']
job_0292 [K5]: ['Intent token Jaccard similarity 0.94 > 0.85 threshold.']
job_0292 [K5]: ['Intent token Jaccard similarity 0.94 > 0.85 threshold.']
job_0292 [K5]: ['Intent token Jaccard similarity 0.94 > 0.85 threshold.']
job_0292 [K5]: ['Intent token Jaccard similarity 0.94 > 0.85 threshold.']
job_0293 [K5]: ['Intent token Jaccard similarity 0.93 > 0.85 threshold.']
job_0293 [K5]: ['Intent token Jaccard similarity 0.93 > 0.85 threshold.']
job_0293 [K5]: ['Intent token Jaccard similarity 0.93 > 0.85 threshold.']
job_0293 [K5]: ['Intent token Jaccard similarity 0.93 > 0.85 threshold.']
job_0294 [K5]: ['Duplicate normalized intent detected.']
job_0294 [K5]: ['Duplicate normalized intent detected.']
job_0294 [K5]: ['Duplicate normalized intent detected.']
job_0294 [K5]: ['Duplicate normalized intent detected.']
job_0295 [K5]: ['Duplicate normalized intent detected.']
job_0295 [K5]: ['Duplicate normalized intent detected.']
job_0295 [K5]: ['Duplicate normalized intent detected.']
job_0295 [K5]: ['Duplicate normalized intent detected.']
job_0297 [K5]: ['Duplicate normalized intent detected.']
job_0297 [K5]: ['Duplicate normalized intent detected.']
job_0297 [K5]: ['Duplicate normalized intent detected.']
job_0297 [K5]: ['Duplicate normalized intent detected.']
job_0298 [K5]: ['Duplicate normalized intent detected.']
job_0298 [K5]: ['Duplicate normalized intent detected.']
job_0298 [K5]: ['Duplicate normalized intent detected.']
job_0298 [K5]: ['Duplicate normalized intent detected.']
job_0299 [K5]: ['Duplicate normalized intent detected.']
job_0299 [K5]: ['Duplicate normalized intent detected.']
job_0299 [K5]: ['Duplicate normalized intent detected.']
job_0299 [K5]: ['Duplicate normalized intent detected.']
job_0300 [K5]: ['Intent token Jaccard similarity 0.94 > 0.85 threshold.']
job_0300 [K5]: ['Intent token Jaccard similarity 0.94 > 0.85 threshold.']
job_0300 [K5]: ['Intent token Jaccard similarity 0.94 > 0.85 threshold.']
job_0300 [K5]: ['Intent token Jaccard similarity 0.94 > 0.85 threshold.']
